104.52, 108.11, 111.43, 113.84, 112.92, 111.21, 112.55, 113.13, 114.43, 122.06, 121.7, 0
108.11, 111.43, 113.84, 112.92, 111.21, 112.55, 113.13, 114.43, 122.06, 121.7, 120.57, 1
111.43, 113.84, 112.92, 111.21, 112.55, 113.13, 114.43, 122.06, 121.7, 120.57, 127.83, 1
113.84, 112.92, 111.21, 112.55, 113.13, 114.43, 122.06, 121.7, 120.57, 127.83, 134.31, 0
112.92, 111.21, 112.55, 113.13, 114.43, 122.06, 121.7, 120.57, 127.83, 134.31, 131.89, 1
111.21, 112.55, 113.13, 114.43, 122.06, 121.7, 120.57, 127.83, 134.31, 131.89, 132.11, 1
112.55, 113.13, 114.43, 122.06, 121.7, 120.57, 127.83, 134.31, 131.89, 132.11, 132.48, 0
113.13, 114.43, 122.06, 121.7, 120.57, 127.83, 134.31, 131.89, 132.11, 132.48, 126.74, 0
114.43, 122.06, 121.7, 120.57, 127.83, 134.31, 131.89, 132.11, 132.48, 126.74, 122.25, 0
122.06, 121.7, 120.57, 127.83, 134.31, 131.89, 132.11, 132.48, 126.74, 122.25, 120.79, 1
121.7, 120.57, 127.83, 134.31, 131.89, 132.11, 132.48, 126.74, 122.25, 120.79, 120.98, 1
120.57, 127.83, 134.31, 131.89, 132.11, 132.48, 126.74, 122.25, 120.79, 120.98, 121.07, 1
127.83, 134.31, 131.89, 132.11, 132.48, 126.74, 122.25, 120.79, 120.98, 121.07, 124.93, 1
134.31, 131.89, 132.11, 132.48, 126.74, 122.25, 120.79, 120.98, 121.07, 124.93, 126.57, 1
131.89, 132.11, 132.48, 126.74, 122.25, 120.79, 120.98, 121.07, 124.93, 126.57, 129, 1
132.11, 132.48, 126.74, 122.25, 120.79, 120.98, 121.07, 124.93, 126.57, 129, 130.6, 0
132.48, 126.74, 122.25, 120.79, 120.98, 121.07, 124.93, 126.57, 129, 130.6, 129.69, 0
126.74, 122.25, 120.79, 120.98, 121.07, 124.93, 126.57, 129, 130.6, 129.69, 127.37, 1
122.25, 120.79, 120.98, 121.07, 124.93, 126.57, 129, 130.6, 129.69, 127.37, 128.29, 0
120.79, 120.98, 121.07, 124.93, 126.57, 129, 130.6, 129.69, 127.37, 128.29, 127.87, 1
120.98, 121.07, 124.93, 126.57, 129, 130.6, 129.69, 127.37, 128.29, 127.87, 129.67, 0
121.07, 124.93, 126.57, 129, 130.6, 129.69, 127.37, 128.29, 127.87, 129.67, 129.39, 0
124.93, 126.57, 129, 130.6, 129.69, 127.37, 128.29, 127.87, 129.67, 129.39, 127.23, 0
126.57, 129, 130.6, 129.69, 127.37, 128.29, 127.87, 129.67, 129.39, 127.23, 126.31, 0
129, 130.6, 129.69, 127.37, 128.29, 127.87, 129.67, 129.39, 127.23, 126.31, 125.84, 1
130.6, 129.69, 127.37, 128.29, 127.87, 129.67, 129.39, 127.23, 126.31, 125.84, 126.13, 0
129.69, 127.37, 128.29, 127.87, 129.67, 129.39, 127.23, 126.31, 125.84, 126.13, 125.16, 1
127.37, 128.29, 127.87, 129.67, 129.39, 127.23, 126.31, 125.84, 126.13, 125.16, 125.92, 1
128.29, 127.87, 129.67, 129.39, 127.23, 126.31, 125.84, 126.13, 125.16, 125.92, 127.22, 1
127.87, 129.67, 129.39, 127.23, 126.31, 125.84, 126.13, 125.16, 125.92, 127.22, 127.68, 1
129.67, 129.39, 127.23, 126.31, 125.84, 126.13, 125.16, 125.92, 127.22, 127.68, 129.85, 1
129.39, 127.23, 126.31, 125.84, 126.13, 125.16, 125.92, 127.22, 127.68, 129.85, 132.96, 0
127.23, 126.31, 125.84, 126.13, 125.16, 125.92, 127.22, 127.68, 129.85, 132.96, 129.74, 1
126.31, 125.84, 126.13, 125.16, 125.92, 127.22, 127.68, 129.85, 132.96, 129.74, 129.84, 0
125.84, 126.13, 125.16, 125.92, 127.22, 127.68, 129.85, 132.96, 129.74, 129.84, 127.69, 0
126.13, 125.16, 125.92, 127.22, 127.68, 129.85, 132.96, 129.74, 129.84, 127.69, 111.32, 1
125.16, 125.92, 127.22, 127.68, 129.85, 132.96, 129.74, 129.84, 127.69, 111.32, 122.84, 1
125.92, 127.22, 127.68, 129.85, 132.96, 129.74, 129.84, 127.69, 111.32, 122.84, 126.11, 0
127.22, 127.68, 129.85, 132.96, 129.74, 129.84, 127.69, 111.32, 122.84, 126.11, 124.17, 1
127.68, 129.85, 132.96, 129.74, 129.84, 127.69, 111.32, 122.84, 126.11, 124.17, 125.45, 0
129.85, 132.96, 129.74, 129.84, 127.69, 111.32, 122.84, 126.11, 124.17, 125.45, 124.77, 1
132.96, 129.74, 129.84, 127.69, 111.32, 122.84, 126.11, 124.17, 125.45, 124.77, 127.2, 1
129.74, 129.84, 127.69, 111.32, 122.84, 126.11, 124.17, 125.45, 124.77, 127.2, 127.89, 1
129.84, 127.69, 111.32, 122.84, 126.11, 124.17, 125.45, 124.77, 127.2, 127.89, 129.28, 1
127.69, 111.32, 122.84, 126.11, 124.17, 125.45, 124.77, 127.2, 127.89, 129.28, 133.07, 0
111.32, 122.84, 126.11, 124.17, 125.45, 124.77, 127.2, 127.89, 129.28, 133.07, 132.18, 1
122.84, 126.11, 124.17, 125.45, 124.77, 127.2, 127.89, 129.28, 133.07, 132.18, 135.38, 1
126.11, 124.17, 125.45, 124.77, 127.2, 127.89, 129.28, 133.07, 132.18, 135.38, 138.33, 1
124.17, 125.45, 124.77, 127.2, 127.89, 129.28, 133.07, 132.18, 135.38, 138.33, 141.6, 1
125.45, 124.77, 127.2, 127.89, 129.28, 133.07, 132.18, 135.38, 138.33, 141.6, 146.54, 1
124.77, 127.2, 127.89, 129.28, 133.07, 132.18, 135.38, 138.33, 141.6, 146.54, 148.02, 1
127.2, 127.89, 129.28, 133.07, 132.18, 135.38, 138.33, 141.6, 146.54, 148.02, 158.35, 1
127.89, 129.28, 133.07, 132.18, 135.38, 138.33, 141.6, 146.54, 148.02, 158.35, 167.51, 1
129.28, 133.07, 132.18, 135.38, 138.33, 141.6, 146.54, 148.02, 158.35, 167.51, 171.37, 1
133.07, 132.18, 135.38, 138.33, 141.6, 146.54, 148.02, 158.35, 167.51, 171.37, 183.73, 1
132.18, 135.38, 138.33, 141.6, 146.54, 148.02, 158.35, 167.51, 171.37, 183.73, 195.52, 1
135.38, 138.33, 141.6, 146.54, 148.02, 158.35, 167.51, 171.37, 183.73, 195.52, 199.84, 0
138.33, 141.6, 146.54, 148.02, 158.35, 167.51, 171.37, 183.73, 195.52, 199.84, 185.46, 0
141.6, 146.54, 148.02, 158.35, 167.51, 171.37, 183.73, 195.52, 199.84, 185.46, 177.58, 1
146.54, 148.02, 158.35, 167.51, 171.37, 183.73, 195.52, 199.84, 185.46, 177.58, 186.44, 1
148.02, 158.35, 167.51, 171.37, 183.73, 195.52, 199.84, 185.46, 177.58, 186.44, 188.72, 1
158.35, 167.51, 171.37, 183.73, 195.52, 199.84, 185.46, 177.58, 186.44, 188.72, 195.37, 1
167.51, 171.37, 183.73, 195.52, 199.84, 185.46, 177.58, 186.44, 188.72, 195.37, 201.5, 0
171.37, 183.73, 195.52, 199.84, 185.46, 177.58, 186.44, 188.72, 195.37, 201.5, 198.65, 1
183.73, 195.52, 199.84, 185.46, 177.58, 186.44, 188.72, 195.37, 201.5, 198.65, 205.55, 0
195.52, 199.84, 185.46, 177.58, 186.44, 188.72, 195.37, 201.5, 198.65, 205.55, 203.25, 1
199.84, 185.46, 177.58, 186.44, 188.72, 195.37, 201.5, 198.65, 205.55, 203.25, 204.16, 1
185.46, 177.58, 186.44, 188.72, 195.37, 201.5, 198.65, 205.55, 203.25, 204.16, 212.03, 1
177.58, 186.44, 188.72, 195.37, 201.5, 198.65, 205.55, 203.25, 204.16, 212.03, 227.65, 1
186.44, 188.72, 195.37, 201.5, 198.65, 205.55, 203.25, 204.16, 212.03, 227.65, 260.9, 1
188.72, 195.37, 201.5, 198.65, 205.55, 203.25, 204.16, 212.03, 227.65, 260.9, 267.87, 1
195.37, 201.5, 198.65, 205.55, 203.25, 204.16, 212.03, 227.65, 260.9, 267.87, 294.77, 1
201.5, 198.65, 205.55, 203.25, 204.16, 212.03, 227.65, 260.9, 267.87, 294.77, 333.74, 1
198.65, 205.55, 203.25, 204.16, 212.03, 227.65, 260.9, 267.87, 294.77, 333.74, 338.13, 0
205.55, 203.25, 204.16, 212.03, 227.65, 260.9, 267.87, 294.77, 333.74, 338.13, 335.45, 1
203.25, 204.16, 212.03, 227.65, 260.9, 267.87, 294.77, 333.74, 338.13, 335.45, 340.03, 1
204.16, 212.03, 227.65, 260.9, 267.87, 294.77, 333.74, 338.13, 335.45, 340.03, 358.66, 1
212.03, 227.65, 260.9, 267.87, 294.77, 333.74, 338.13, 335.45, 340.03, 358.66, 406.2, 1
227.65, 260.9, 267.87, 294.77, 333.74, 338.13, 335.45, 340.03, 358.66, 406.2, 413.8, 1
260.9, 267.87, 294.77, 333.74, 338.13, 335.45, 340.03, 358.66, 406.2, 413.8, 456.96, 0
267.87, 294.77, 333.74, 338.13, 335.45, 340.03, 358.66, 406.2, 413.8, 456.96, 444.98, 1
294.77, 333.74, 338.13, 335.45, 340.03, 358.66, 406.2, 413.8, 456.96, 444.98, 504.52, 1
333.74, 338.13, 335.45, 340.03, 358.66, 406.2, 413.8, 456.96, 444.98, 504.52, 653.75, 0
338.13, 335.45, 340.03, 358.66, 406.2, 413.8, 456.96, 444.98, 504.52, 653.75, 545.07, 1
335.45, 340.03, 358.66, 406.2, 413.8, 456.96, 444.98, 504.52, 653.75, 545.07, 644.17, 1
340.03, 358.66, 406.2, 413.8, 456.96, 444.98, 504.52, 653.75, 545.07, 644.17, 694.61, 1
358.66, 406.2, 413.8, 456.96, 444.98, 504.52, 653.75, 545.07, 644.17, 694.61, 772.31, 0
406.2, 413.8, 456.96, 444.98, 504.52, 653.75, 545.07, 644.17, 694.61, 772.31, 768.95, 1
413.8, 456.96, 444.98, 504.52, 653.75, 545.07, 644.17, 694.61, 772.31, 768.95, 773.23, 1
456.96, 444.98, 504.52, 653.75, 545.07, 644.17, 694.61, 772.31, 768.95, 773.23, 853.12, 1
444.98, 504.52, 653.75, 545.07, 644.17, 694.61, 772.31, 768.95, 773.23, 853.12, 901.68, 1
504.52, 653.75, 545.07, 644.17, 694.61, 772.31, 768.95, 773.23, 853.12, 901.68, 963.83, 1
653.75, 545.07, 644.17, 694.61, 772.31, 768.95, 773.23, 853.12, 901.68, 963.83, 1049.35, 1
545.07, 644.17, 694.61, 772.31, 768.95, 773.23, 853.12, 901.68, 963.83, 1049.35, 1102.54, 0
644.17, 694.61, 772.31, 768.95, 773.23, 853.12, 901.68, 963.83, 1049.35, 1102.54, 1094.99, 0
694.61, 772.31, 768.95, 773.23, 853.12, 901.68, 963.83, 1049.35, 1102.54, 1094.99, 951.58, 1
772.31, 768.95, 773.23, 853.12, 901.68, 963.83, 1049.35, 1102.54, 1094.99, 951.58, 1031.68, 1
768.95, 773.23, 853.12, 901.68, 963.83, 1049.35, 1102.54, 1094.99, 951.58, 1031.68, 1080.61, 1
773.23, 853.12, 901.68, 963.83, 1049.35, 1102.54, 1094.99, 951.58, 1031.68, 1080.61, 1091.44, 0
853.12, 901.68, 963.83, 1049.35, 1102.54, 1094.99, 951.58, 1031.68, 1080.61, 1091.44, 992.26, 0
901.68, 963.83, 1049.35, 1102.54, 1094.99, 951.58, 1031.68, 1080.61, 1091.44, 992.26, 776.36, 0
963.83, 1049.35, 1102.54, 1094.99, 951.58, 1031.68, 1080.61, 1091.44, 992.26, 776.36, 730.1, 1
1049.35, 1102.54, 1094.99, 951.58, 1031.68, 1080.61, 1091.44, 992.26, 776.36, 730.1, 817.61, 1
1102.54, 1094.99, 951.58, 1031.68, 1080.61, 1091.44, 992.26, 776.36, 730.1, 817.61, 897.54, 1
1094.99, 951.58, 1031.68, 1080.61, 1091.44, 992.26, 776.36, 730.1, 817.61, 897.54, 946.85, 0
951.58, 1031.68, 1080.61, 1091.44, 992.26, 776.36, 730.1, 817.61, 897.54, 946.85, 873.03, 1
1031.68, 1080.61, 1091.44, 992.26, 776.36, 730.1, 817.61, 897.54, 946.85, 873.03, 894.43, 0
1080.61, 1091.44, 992.26, 776.36, 730.1, 817.61, 897.54, 946.85, 873.03, 894.43, 881.59, 0
1091.44, 992.26, 776.36, 730.1, 817.61, 897.54, 946.85, 873.03, 894.43, 881.59, 859.13, 0
992.26, 776.36, 730.1, 817.61, 897.54, 946.85, 873.03, 894.43, 881.59, 859.13, 808.14, 0
776.36, 730.1, 817.61, 897.54, 946.85, 873.03, 894.43, 881.59, 859.13, 808.14, 706.87, 0
730.1, 817.61, 897.54, 946.85, 873.03, 894.43, 881.59, 859.13, 808.14, 706.87, 623.38, 0
817.61, 897.54, 946.85, 873.03, 894.43, 881.59, 859.13, 808.14, 706.87, 623.38, 562.33, 1
897.54, 946.85, 873.03, 894.43, 881.59, 859.13, 808.14, 706.87, 623.38, 562.33, 694.1, 0
946.85, 873.03, 894.43, 881.59, 859.13, 808.14, 706.87, 623.38, 562.33, 694.1, 626.2, 0
873.03, 894.43, 881.59, 859.13, 808.14, 706.87, 623.38, 562.33, 694.1, 626.2, 624.07, 1
894.43, 881.59, 859.13, 808.14, 706.87, 623.38, 562.33, 694.1, 626.2, 624.07, 629.45, 1
881.59, 859.13, 808.14, 706.87, 623.38, 562.33, 694.1, 626.2, 624.07, 629.45, 663.41, 1
859.13, 808.14, 706.87, 623.38, 562.33, 694.1, 626.2, 624.07, 629.45, 663.41, 669.09, 1
808.14, 706.87, 623.38, 562.33, 694.1, 626.2, 624.07, 629.45, 663.41, 669.09, 702.13, 1
706.87, 623.38, 562.33, 694.1, 626.2, 624.07, 629.45, 663.41, 669.09, 702.13, 760.84, 0
623.38, 562.33, 694.1, 626.2, 624.07, 629.45, 663.41, 669.09, 702.13, 760.84, 734.62, 0
562.33, 694.1, 626.2, 624.07, 629.45, 663.41, 669.09, 702.13, 760.84, 734.62, 725.49, 1
694.1, 626.2, 624.07, 629.45, 663.41, 669.09, 702.13, 760.84, 734.62, 725.49, 742.42, 1
626.2, 624.07, 629.45, 663.41, 669.09, 702.13, 760.84, 734.62, 725.49, 742.42, 757.71, 1
624.07, 629.45, 663.41, 669.09, 702.13, 760.84, 734.62, 725.49, 742.42, 757.71, 760.91, 1
629.45, 663.41, 669.09, 702.13, 760.84, 734.62, 725.49, 742.42, 757.71, 760.91, 771.3, 1
663.41, 669.09, 702.13, 760.84, 734.62, 725.49, 742.42, 757.71, 760.91, 771.3, 811.47, 1
669.09, 702.13, 760.84, 734.62, 725.49, 742.42, 757.71, 760.91, 771.3, 811.47, 819.23, 1
702.13, 760.84, 734.62, 725.49, 742.42, 757.71, 760.91, 771.3, 811.47, 819.23, 864.65, 1
760.84, 734.62, 725.49, 742.42, 757.71, 760.91, 771.3, 811.47, 819.23, 864.65, 957.35, 0
734.62, 725.49, 742.42, 757.71, 760.91, 771.3, 811.47, 819.23, 864.65, 957.35, 939.27, 0
725.49, 742.42, 757.71, 760.91, 771.3, 811.47, 819.23, 864.65, 957.35, 939.27, 842.64, 1
742.42, 757.71, 760.91, 771.3, 811.47, 819.23, 864.65, 957.35, 939.27, 842.64, 843.84, 0
757.71, 760.91, 771.3, 811.47, 819.23, 864.65, 957.35, 939.27, 842.64, 843.84, 842.98, 1
760.91, 771.3, 811.47, 819.23, 864.65, 957.35, 939.27, 842.64, 843.84, 842.98, 888.05, 1
771.3, 811.47, 819.23, 864.65, 957.35, 939.27, 842.64, 843.84, 842.98, 888.05, 897.51, 0
811.47, 819.23, 864.65, 957.35, 939.27, 842.64, 843.84, 842.98, 888.05, 897.51, 857.75, 0
819.23, 864.65, 957.35, 939.27, 842.64, 843.84, 842.98, 888.05, 897.51, 857.75, 845.5, 0
864.65, 957.35, 939.27, 842.64, 843.84, 842.98, 888.05, 897.51, 857.75, 845.5, 834.26, 1
957.35, 939.27, 842.64, 843.84, 842.98, 888.05, 897.51, 857.75, 845.5, 834.26, 866.23, 0
939.27, 842.64, 843.84, 842.98, 888.05, 897.51, 857.75, 845.5, 834.26, 866.23, 845.19, 0
842.64, 843.84, 842.98, 888.05, 897.51, 857.75, 845.5, 834.26, 866.23, 845.19, 817.63, 1
843.84, 842.98, 888.05, 897.51, 857.75, 845.5, 834.26, 866.23, 845.19, 817.63, 837.4, 1
842.98, 888.05, 897.51, 857.75, 845.5, 834.26, 866.23, 845.19, 817.63, 837.4, 855.48, 1
888.05, 897.51, 857.75, 845.5, 834.26, 866.23, 845.19, 817.63, 837.4, 855.48, 874.82, 0
897.51, 857.75, 845.5, 834.26, 866.23, 845.19, 817.63, 837.4, 855.48, 874.82, 870.64, 0
857.75, 845.5, 834.26, 866.23, 845.19, 817.63, 837.4, 855.48, 874.82, 870.64, 853.58, 0
845.5, 834.26, 866.23, 845.19, 817.63, 837.4, 855.48, 874.82, 870.64, 853.58, 833.93, 0
834.26, 866.23, 845.19, 817.63, 837.4, 855.48, 874.82, 870.64, 853.58, 833.93, 805.12, 1
866.23, 845.19, 817.63, 837.4, 855.48, 874.82, 870.64, 853.58, 833.93, 805.12, 854.89, 1
845.19, 817.63, 837.4, 855.48, 874.82, 870.64, 853.58, 833.93, 805.12, 854.89, 887.98, 0
817.63, 837.4, 855.48, 874.82, 870.64, 853.58, 833.93, 805.12, 854.89, 887.98, 787.18, 1
837.4, 855.48, 874.82, 870.64, 853.58, 833.93, 805.12, 854.89, 887.98, 787.18, 825.6, 0
855.48, 874.82, 870.64, 853.58, 833.93, 805.12, 854.89, 887.98, 787.18, 825.6, 821.93, 1
874.82, 870.64, 853.58, 833.93, 805.12, 854.89, 887.98, 787.18, 825.6, 821.93, 822.31, 1
870.64, 853.58, 833.93, 805.12, 854.89, 887.98, 787.18, 825.6, 821.93, 822.31, 827.55, 1
853.58, 833.93, 805.12, 854.89, 887.98, 787.18, 825.6, 821.93, 822.31, 827.55, 846.43, 0
833.93, 805.12, 854.89, 887.98, 787.18, 825.6, 821.93, 822.31, 827.55, 846.43, 831.2, 0
805.12, 854.89, 887.98, 787.18, 825.6, 821.93, 822.31, 827.55, 846.43, 831.2, 809.57, 1
854.89, 887.98, 787.18, 825.6, 821.93, 822.31, 827.55, 846.43, 831.2, 809.57, 841.51, 0
887.98, 787.18, 825.6, 821.93, 822.31, 827.55, 846.43, 831.2, 809.57, 841.51, 815.39, 0
787.18, 825.6, 821.93, 822.31, 827.55, 846.43, 831.2, 809.57, 841.51, 815.39, 785.62, 0
825.6, 821.93, 822.31, 827.55, 846.43, 831.2, 809.57, 841.51, 815.39, 785.62, 715.76, 0
821.93, 822.31, 827.55, 846.43, 831.2, 809.57, 841.51, 815.39, 785.62, 715.76, 680.58, 1
822.31, 827.55, 846.43, 831.2, 809.57, 841.51, 815.39, 785.62, 715.76, 680.58, 687.89, 0
827.55, 846.43, 831.2, 809.57, 841.51, 815.39, 785.62, 715.76, 680.58, 687.89, 673.81, 0
846.43, 831.2, 809.57, 841.51, 815.39, 785.62, 715.76, 680.58, 687.89, 673.81, 662.36, 0
831.2, 809.57, 841.51, 815.39, 785.62, 715.76, 680.58, 687.89, 673.81, 662.36, 653.72, 0
809.57, 841.51, 815.39, 785.62, 715.76, 680.58, 687.89, 673.81, 662.36, 653.72, 614.82, 1
841.51, 815.39, 785.62, 715.76, 680.58, 687.89, 673.81, 662.36, 653.72, 614.82, 659.26, 0
815.39, 785.62, 715.76, 680.58, 687.89, 673.81, 662.36, 653.72, 614.82, 659.26, 648.36, 0
785.62, 715.76, 680.58, 687.89, 673.81, 662.36, 653.72, 614.82, 659.26, 648.36, 608.54, 1
715.76, 680.58, 687.89, 673.81, 662.36, 653.72, 614.82, 659.26, 648.36, 608.54, 624.95, 0
680.58, 687.89, 673.81, 662.36, 653.72, 614.82, 659.26, 648.36, 608.54, 624.95, 614.93, 1
687.89, 673.81, 662.36, 653.72, 614.82, 659.26, 648.36, 608.54, 624.95, 614.93, 622.34, 0
673.81, 662.36, 653.72, 614.82, 659.26, 648.36, 608.54, 624.95, 614.93, 622.34, 562.62, 1
662.36, 653.72, 614.82, 659.26, 648.36, 608.54, 624.95, 614.93, 622.34, 562.62, 568.16, 1
653.72, 614.82, 659.26, 648.36, 608.54, 624.95, 614.93, 622.34, 562.62, 568.16, 600.64, 0
614.82, 659.26, 648.36, 608.54, 624.95, 614.93, 622.34, 562.62, 568.16, 600.64, 594.46, 0
659.26, 648.36, 608.54, 624.95, 614.93, 622.34, 562.62, 568.16, 600.64, 594.46, 547.14, 0
648.36, 608.54, 624.95, 614.93, 622.34, 562.62, 568.16, 600.64, 594.46, 547.14, 529.19, 1
608.54, 624.95, 614.93, 622.34, 562.62, 568.16, 600.64, 594.46, 547.14, 529.19, 581, 0
624.95, 614.93, 622.34, 562.62, 568.16, 600.64, 594.46, 547.14, 529.19, 581, 579.03, 0
614.93, 622.34, 562.62, 568.16, 600.64, 594.46, 547.14, 529.19, 581, 579.03, 567.93, 0
622.34, 562.62, 568.16, 600.64, 594.46, 547.14, 529.19, 581, 579.03, 567.93, 565.62, 0
562.62, 568.16, 600.64, 594.46, 547.14, 529.19, 581, 579.03, 567.93, 565.62, 557.3, 1
568.16, 600.64, 594.46, 547.14, 529.19, 581, 579.03, 567.93, 565.62, 557.3, 662.28, 1
600.64, 594.46, 547.14, 529.19, 581, 579.03, 567.93, 565.62, 557.3, 662.28, 665, 0
594.46, 547.14, 529.19, 581, 579.03, 567.93, 565.62, 557.3, 662.28, 665, 655.51, 1
547.14, 529.19, 581, 579.03, 567.93, 565.62, 557.3, 662.28, 665, 655.51, 658.71, 0
529.19, 581, 579.03, 567.93, 565.62, 557.3, 662.28, 665, 655.51, 658.71, 627.36, 0
581, 579.03, 567.93, 565.62, 557.3, 662.28, 665, 655.51, 658.71, 627.36, 616.06, 1
579.03, 567.93, 565.62, 557.3, 662.28, 665, 655.51, 658.71, 627.36, 616.06, 637.04, 0
567.93, 565.62, 557.3, 662.28, 665, 655.51, 658.71, 627.36, 616.06, 637.04, 626.45, 1
565.62, 557.3, 662.28, 665, 655.51, 658.71, 627.36, 616.06, 637.04, 626.45, 629.08, 1
557.3, 662.28, 665, 655.51, 658.71, 627.36, 616.06, 637.04, 626.45, 629.08, 633.59, 1
662.28, 665, 655.51, 658.71, 627.36, 616.06, 637.04, 626.45, 629.08, 633.59, 639.1, 0
665, 655.51, 658.71, 627.36, 616.06, 637.04, 626.45, 629.08, 633.59, 639.1, 627.99, 1
655.51, 658.71, 627.36, 616.06, 637.04, 626.45, 629.08, 633.59, 639.1, 627.99, 629.35, 1
658.71, 627.36, 616.06, 637.04, 626.45, 629.08, 633.59, 639.1, 627.99, 629.35, 630.53, 0
627.36, 616.06, 637.04, 626.45, 629.08, 633.59, 639.1, 627.99, 629.35, 630.53, 622.9, 0
616.06, 637.04, 626.45, 629.08, 633.59, 639.1, 627.99, 629.35, 630.53, 622.9, 613.84, 0
637.04, 626.45, 629.08, 633.59, 639.1, 627.99, 629.35, 630.53, 622.9, 613.84, 610.04, 0
626.45, 629.08, 633.59, 639.1, 627.99, 629.35, 630.53, 622.9, 613.84, 610.04, 583.67, 0
629.08, 633.59, 639.1, 627.99, 629.35, 630.53, 622.9, 613.84, 610.04, 583.67, 578.36, 0
633.59, 639.1, 627.99, 629.35, 630.53, 622.9, 613.84, 610.04, 583.67, 578.36, 562.2, 1
639.1, 627.99, 629.35, 630.53, 622.9, 613.84, 610.04, 583.67, 578.36, 562.2, 564.25, 1
627.99, 629.35, 630.53, 622.9, 613.84, 610.04, 583.67, 578.36, 562.2, 564.25, 574.88, 0
629.35, 630.53, 622.9, 613.84, 610.04, 583.67, 578.36, 562.2, 564.25, 574.88, 563.9, 1
630.53, 622.9, 613.84, 610.04, 583.67, 578.36, 562.2, 564.25, 574.88, 563.9, 581.1, 0
622.9, 613.84, 610.04, 583.67, 578.36, 562.2, 564.25, 574.88, 563.9, 581.1, 512.9, 0
613.84, 610.04, 583.67, 578.36, 562.2, 564.25, 574.88, 563.9, 581.1, 512.9, 501.32, 0
610.04, 583.67, 578.36, 562.2, 564.25, 574.88, 563.9, 581.1, 512.9, 501.32, 497.05, 0
583.67, 578.36, 562.2, 564.25, 574.88, 563.9, 581.1, 512.9, 501.32, 497.05, 462.2, 0
578.36, 562.2, 564.25, 574.88, 563.9, 581.1, 512.9, 501.32, 497.05, 462.2, 457.6, 1
562.2, 564.25, 574.88, 563.9, 581.1, 512.9, 501.32, 497.05, 462.2, 457.6, 478.67, 0
564.25, 574.88, 563.9, 581.1, 512.9, 501.32, 497.05, 462.2, 457.6, 478.67, 449.1, 0
574.88, 563.9, 581.1, 512.9, 501.32, 497.05, 462.2, 457.6, 478.67, 449.1, 442.61, 1
563.9, 581.1, 512.9, 501.32, 497.05, 462.2, 457.6, 478.67, 449.1, 442.61, 447.95, 1
581.1, 512.9, 501.32, 497.05, 462.2, 457.6, 478.67, 449.1, 442.61, 447.95, 457.53, 1
512.9, 501.32, 497.05, 462.2, 457.6, 478.67, 449.1, 442.61, 447.95, 457.53, 460.37, 0
501.32, 497.05, 462.2, 457.6, 478.67, 449.1, 442.61, 447.95, 457.53, 460.37, 449.64, 1
497.05, 462.2, 457.6, 478.67, 449.1, 442.61, 447.95, 457.53, 460.37, 449.64, 450.79, 0
462.2, 457.6, 478.67, 449.1, 442.61, 447.95, 457.53, 460.37, 449.64, 450.79, 437.47, 0
457.6, 478.67, 449.1, 442.61, 447.95, 457.53, 460.37, 449.64, 450.79, 437.47, 386.66, 1
478.67, 449.1, 442.61, 447.95, 457.53, 460.37, 449.64, 450.79, 437.47, 386.66, 414.53, 1
449.1, 442.61, 447.95, 457.53, 460.37, 449.64, 450.79, 437.47, 386.66, 414.53, 422.03, 0
442.61, 447.95, 457.53, 460.37, 449.64, 450.79, 437.47, 386.66, 414.53, 422.03, 413.6, 1
447.95, 457.53, 460.37, 449.64, 450.79, 437.47, 386.66, 414.53, 422.03, 413.6, 465.45, 1
457.53, 460.37, 449.64, 450.79, 437.47, 386.66, 414.53, 422.03, 413.6, 465.45, 500.99, 1
460.37, 449.64, 450.79, 437.47, 386.66, 414.53, 422.03, 413.6, 465.45, 500.99, 518.77, 0
449.64, 450.79, 437.47, 386.66, 414.53, 422.03, 413.6, 465.45, 500.99, 518.77, 498.45, 0
450.79, 437.47, 386.66, 414.53, 422.03, 413.6, 465.45, 500.99, 518.77, 498.45, 481.16, 1
437.47, 386.66, 414.53, 422.03, 413.6, 465.45, 500.99, 518.77, 498.45, 481.16, 496.48, 1
386.66, 414.53, 422.03, 413.6, 465.45, 500.99, 518.77, 498.45, 481.16, 496.48, 498.76, 0
414.53, 422.03, 413.6, 465.45, 500.99, 518.77, 498.45, 481.16, 496.48, 498.76, 494.62, 0
422.03, 413.6, 465.45, 500.99, 518.77, 498.45, 481.16, 496.48, 498.76, 494.62, 489.03, 0
413.6, 465.45, 500.99, 518.77, 498.45, 481.16, 496.48, 498.76, 494.62, 489.03, 486.85, 0
465.45, 500.99, 518.77, 498.45, 481.16, 496.48, 498.76, 494.62, 489.03, 486.85, 481.38, 0
500.99, 518.77, 498.45, 481.16, 496.48, 498.76, 494.62, 489.03, 486.85, 481.38, 461.23, 0
518.77, 498.45, 481.16, 496.48, 498.76, 494.62, 489.03, 486.85, 481.38, 461.23, 457.93, 0
498.45, 481.16, 496.48, 498.76, 494.62, 489.03, 486.85, 481.38, 461.23, 457.93, 440.41, 0
481.16, 496.48, 498.76, 494.62, 489.03, 486.85, 481.38, 461.23, 457.93, 440.41, 439.29, 1
496.48, 498.76, 494.62, 489.03, 486.85, 481.38, 461.23, 457.93, 440.41, 439.29, 443.31, 1
498.76, 494.62, 489.03, 486.85, 481.38, 461.23, 457.93, 440.41, 439.29, 443.31, 446.22, 1
494.62, 489.03, 486.85, 481.38, 461.23, 457.93, 440.41, 439.29, 443.31, 446.22, 455.13, 0
489.03, 486.85, 481.38, 461.23, 457.93, 440.41, 439.29, 443.31, 446.22, 455.13, 448.08, 0
486.85, 481.38, 461.23, 457.93, 440.41, 439.29, 443.31, 446.22, 455.13, 448.08, 436.12, 0
481.38, 461.23, 457.93, 440.41, 439.29, 443.31, 446.22, 455.13, 448.08, 436.12, 434.63, 0
461.23, 457.93, 440.41, 439.29, 443.31, 446.22, 455.13, 448.08, 436.12, 434.63, 430.67, 0
457.93, 440.41, 439.29, 443.31, 446.22, 455.13, 448.08, 436.12, 434.63, 430.67, 427.55, 1
440.41, 439.29, 443.31, 446.22, 455.13, 448.08, 436.12, 434.63, 430.67, 427.55, 438.17, 1
439.29, 443.31, 446.22, 455.13, 448.08, 436.12, 434.63, 430.67, 427.55, 438.17, 438.25, 1
443.31, 446.22, 455.13, 448.08, 436.12, 434.63, 430.67, 427.55, 438.17, 438.25, 446.24, 1
446.22, 455.13, 448.08, 436.12, 434.63, 430.67, 427.55, 438.17, 438.25, 446.24, 451.43, 0
455.13, 448.08, 436.12, 434.63, 430.67, 427.55, 438.17, 438.25, 446.24, 451.43, 439.36, 0
448.08, 436.12, 434.63, 430.67, 427.55, 438.17, 438.25, 446.24, 451.43, 439.36, 438.87, 0
436.12, 434.63, 430.67, 427.55, 438.17, 438.25, 446.24, 451.43, 439.36, 438.87, 437.84, 1
434.63, 430.67, 427.55, 438.17, 438.25, 446.24, 451.43, 439.36, 438.87, 437.84, 443.26, 1
430.67, 427.55, 438.17, 438.25, 446.24, 451.43, 439.36, 438.87, 437.84, 443.26, 444.92, 1
427.55, 438.17, 438.25, 446.24, 451.43, 439.36, 438.87, 437.84, 443.26, 444.92, 446.33, 1
438.17, 438.25, 446.24, 451.43, 439.36, 438.87, 437.84, 443.26, 444.92, 446.33, 446.42, 0
438.25, 446.24, 451.43, 439.36, 438.87, 437.84, 443.26, 444.92, 446.33, 446.42, 444.9, 1
446.24, 451.43, 439.36, 438.87, 437.84, 443.26, 444.92, 446.33, 446.42, 444.9, 460.48, 1
451.43, 439.36, 438.87, 437.84, 443.26, 444.92, 446.33, 446.42, 444.9, 460.48, 478.49, 1
439.36, 438.87, 437.84, 443.26, 444.92, 446.33, 446.42, 444.9, 460.48, 478.49, 490.43, 1
438.87, 437.84, 443.26, 444.92, 446.33, 446.42, 444.9, 460.48, 478.49, 490.43, 517.66, 1
437.84, 443.26, 444.92, 446.33, 446.42, 444.9, 460.48, 478.49, 490.43, 517.66, 524.19, 1
443.26, 444.92, 446.33, 446.42, 444.9, 460.48, 478.49, 490.43, 517.66, 524.19, 535.36, 1
444.92, 446.33, 446.42, 444.9, 460.48, 478.49, 490.43, 517.66, 524.19, 535.36, 566.38, 1
446.33, 446.42, 444.9, 460.48, 478.49, 490.43, 517.66, 524.19, 535.36, 566.38, 581.56, 0
446.42, 444.9, 460.48, 478.49, 490.43, 517.66, 524.19, 535.36, 566.38, 581.56, 573.32, 0
444.9, 460.48, 478.49, 490.43, 517.66, 524.19, 535.36, 566.38, 581.56, 573.32, 571.84, 1
460.48, 478.49, 490.43, 517.66, 524.19, 535.36, 566.38, 581.56, 573.32, 571.84, 583.53, 1
478.49, 490.43, 517.66, 524.19, 535.36, 566.38, 581.56, 573.32, 571.84, 583.53, 607.55, 1
490.43, 517.66, 524.19, 535.36, 566.38, 581.56, 573.32, 571.84, 583.53, 607.55, 619.78, 1
517.66, 524.19, 535.36, 566.38, 581.56, 573.32, 571.84, 583.53, 607.55, 619.78, 637.66, 1
524.19, 535.36, 566.38, 581.56, 573.32, 571.84, 583.53, 607.55, 619.78, 637.66, 644.3, 1
535.36, 566.38, 581.56, 573.32, 571.84, 583.53, 607.55, 619.78, 637.66, 644.3, 660.72, 0
566.38, 581.56, 573.32, 571.84, 583.53, 607.55, 619.78, 637.66, 644.3, 660.72, 639.39, 1
581.56, 573.32, 571.84, 583.53, 607.55, 619.78, 637.66, 644.3, 660.72, 639.39, 654.25, 0
573.32, 571.84, 583.53, 607.55, 619.78, 637.66, 644.3, 660.72, 639.39, 654.25, 650.66, 1
571.84, 583.53, 607.55, 619.78, 637.66, 644.3, 660.72, 639.39, 654.25, 650.66, 652.67, 0
583.53, 607.55, 619.78, 637.66, 644.3, 660.72, 639.39, 654.25, 650.66, 652.67, 647.99, 1
607.55, 619.78, 637.66, 644.3, 660.72, 639.39, 654.25, 650.66, 652.67, 647.99, 649.14, 1
619.78, 637.66, 644.3, 660.72, 639.39, 654.25, 650.66, 652.67, 647.99, 649.14, 651.43, 0
637.66, 644.3, 660.72, 639.39, 654.25, 650.66, 652.67, 647.99, 649.14, 651.43, 637.21, 0
644.3, 660.72, 639.39, 654.25, 650.66, 652.67, 647.99, 649.14, 651.43, 637.21, 605.43, 0
660.72, 639.39, 654.25, 650.66, 652.67, 647.99, 649.14, 651.43, 637.21, 605.43, 593.12, 0
639.39, 654.25, 650.66, 652.67, 647.99, 649.14, 651.43, 637.21, 605.43, 593.12, 570.85, 1
654.25, 650.66, 652.67, 647.99, 649.14, 651.43, 637.21, 605.43, 593.12, 570.85, 576.37, 1
650.66, 652.67, 647.99, 649.14, 651.43, 637.21, 605.43, 593.12, 570.85, 576.37, 594.26, 1
652.67, 647.99, 649.14, 651.43, 637.21, 605.43, 593.12, 570.85, 576.37, 594.26, 602.02, 1
647.99, 649.14, 651.43, 637.21, 605.43, 593.12, 570.85, 576.37, 594.26, 602.02, 603.48, 0
649.14, 651.43, 637.21, 605.43, 593.12, 570.85, 576.37, 594.26, 602.02, 603.48, 599.77, 0
651.43, 637.21, 605.43, 593.12, 570.85, 576.37, 594.26, 602.02, 603.48, 599.77, 591.11, 1
637.21, 605.43, 593.12, 570.85, 576.37, 594.26, 602.02, 603.48, 599.77, 591.11, 591.8, 1
605.43, 593.12, 570.85, 576.37, 594.26, 602.02, 603.48, 599.77, 591.11, 591.8, 599.1, 0
593.12, 570.85, 576.37, 594.26, 602.02, 603.48, 599.77, 591.11, 591.8, 599.1, 587.56, 0
570.85, 576.37, 594.26, 602.02, 603.48, 599.77, 591.11, 591.8, 599.1, 587.56, 584.29, 0
576.37, 594.26, 602.02, 603.48, 599.77, 591.11, 591.8, 599.1, 587.56, 584.29, 566.76, 1
594.26, 602.02, 603.48, 599.77, 591.11, 591.8, 599.1, 587.56, 584.29, 566.76, 579.23, 1
602.02, 603.48, 599.77, 591.11, 591.8, 599.1, 587.56, 584.29, 566.76, 579.23, 596.02, 1
603.48, 599.77, 591.11, 591.8, 599.1, 587.56, 584.29, 566.76, 579.23, 596.02, 606.34, 0
599.77, 591.11, 591.8, 599.1, 587.56, 584.29, 566.76, 579.23, 596.02, 606.34, 596.2, 1
591.11, 591.8, 599.1, 587.56, 584.29, 566.76, 579.23, 596.02, 606.34, 596.2, 631.09, 1
591.8, 599.1, 587.56, 584.29, 566.76, 579.23, 596.02, 606.34, 596.2, 631.09, 646.47, 1
599.1, 587.56, 584.29, 566.76, 579.23, 596.02, 606.34, 596.2, 631.09, 646.47, 649.16, 0
587.56, 584.29, 566.76, 579.23, 596.02, 606.34, 596.2, 631.09, 646.47, 649.16, 638.62, 0
584.29, 566.76, 579.23, 596.02, 606.34, 596.2, 631.09, 646.47, 649.16, 638.62, 632.62, 0
566.76, 579.23, 596.02, 606.34, 596.2, 631.09, 646.47, 649.16, 638.62, 632.62, 629.67, 1
579.23, 596.02, 606.34, 596.2, 631.09, 646.47, 649.16, 638.62, 632.62, 629.67, 633.77, 0
596.02, 606.34, 596.2, 631.09, 646.47, 649.16, 638.62, 632.62, 629.67, 633.77, 623.46, 0
606.34, 596.2, 631.09, 646.47, 649.16, 638.62, 632.62, 629.67, 633.77, 623.46, 622.52, 1
596.2, 631.09, 646.47, 649.16, 638.62, 632.62, 629.67, 633.77, 623.46, 622.52, 623.51, 0
631.09, 646.47, 649.16, 638.62, 632.62, 629.67, 633.77, 623.46, 622.52, 623.51, 617.73, 1
646.47, 649.16, 638.62, 632.62, 629.67, 633.77, 623.46, 622.52, 623.51, 617.73, 628.09, 1
649.16, 638.62, 632.62, 629.67, 633.77, 623.46, 622.52, 623.51, 617.73, 628.09, 632.6, 0
638.62, 632.62, 629.67, 633.77, 623.46, 622.52, 623.51, 617.73, 628.09, 632.6, 625.94, 0
632.62, 629.67, 633.77, 623.46, 622.52, 623.51, 617.73, 628.09, 632.6, 625.94, 620.97, 1
629.67, 633.77, 623.46, 622.52, 623.51, 617.73, 628.09, 632.6, 625.94, 620.97, 621.6, 0
633.77, 623.46, 622.52, 623.51, 617.73, 628.09, 632.6, 625.94, 620.97, 621.6, 617.79, 1
623.46, 622.52, 623.51, 617.73, 628.09, 632.6, 625.94, 620.97, 621.6, 617.79, 621.45, 1
622.52, 623.51, 617.73, 628.09, 632.6, 625.94, 620.97, 621.6, 617.79, 621.45, 624.57, 1
623.51, 617.73, 628.09, 632.6, 625.94, 620.97, 621.6, 617.79, 621.45, 624.57, 627.44, 0
617.73, 628.09, 632.6, 625.94, 620.97, 621.6, 617.79, 621.45, 624.57, 627.44, 623.25, 0
628.09, 632.6, 625.94, 620.97, 621.6, 617.79, 621.45, 624.57, 627.44, 623.25, 620.22, 1
632.6, 625.94, 620.97, 621.6, 617.79, 621.45, 624.57, 627.44, 623.25, 620.22, 620.65, 0
625.94, 620.97, 621.6, 617.79, 621.45, 624.57, 627.44, 623.25, 620.22, 620.65, 612.94, 0
620.97, 621.6, 617.79, 621.45, 624.57, 627.44, 623.25, 620.22, 620.65, 612.94, 602.84, 0
621.6, 617.79, 621.45, 624.57, 627.44, 623.25, 620.22, 620.65, 612.94, 602.84, 600.16, 0
617.79, 621.45, 624.57, 627.44, 623.25, 620.22, 620.65, 612.94, 602.84, 600.16, 595.1, 0
621.45, 624.57, 627.44, 623.25, 620.22, 620.65, 612.94, 602.84, 600.16, 595.1, 592.2, 0
624.57, 627.44, 623.25, 620.22, 620.65, 612.94, 602.84, 600.16, 595.1, 592.2, 583.73, 0
627.44, 623.25, 620.22, 620.65, 612.94, 602.84, 600.16, 595.1, 592.2, 583.73, 582.82, 0
623.25, 620.22, 620.65, 612.94, 602.84, 600.16, 595.1, 592.2, 583.73, 582.82, 571, 1
620.22, 620.65, 612.94, 602.84, 600.16, 595.1, 592.2, 583.73, 582.82, 571, 578.48, 1
620.65, 612.94, 602.84, 600.16, 595.1, 592.2, 583.73, 582.82, 571, 578.48, 594.19, 0
612.94, 602.84, 600.16, 595.1, 592.2, 583.73, 582.82, 571, 578.48, 594.19, 587.64, 0
602.84, 600.16, 595.1, 592.2, 583.73, 582.82, 571, 578.48, 594.19, 587.64, 585.39, 1
600.16, 595.1, 592.2, 583.73, 582.82, 571, 578.48, 594.19, 587.64, 585.39, 587.23, 0
595.1, 592.2, 583.73, 582.82, 571, 578.48, 594.19, 587.64, 585.39, 587.23, 584.01, 0
592.2, 583.73, 582.82, 571, 578.48, 594.19, 587.64, 585.39, 587.23, 584.01, 583.18, 1
583.73, 582.82, 571, 578.48, 594.19, 587.64, 585.39, 587.23, 584.01, 583.18, 586.43, 1
582.82, 571, 578.48, 594.19, 587.64, 585.39, 587.23, 584.01, 583.18, 586.43, 590.94, 0
571, 578.48, 594.19, 587.64, 585.39, 587.23, 584.01, 583.18, 586.43, 590.94, 588.25, 1
578.48, 594.19, 587.64, 585.39, 587.23, 584.01, 583.18, 586.43, 590.94, 588.25, 589.48, 0
594.19, 587.64, 585.39, 587.23, 584.01, 583.18, 586.43, 590.94, 588.25, 589.48, 578.94, 0
587.64, 585.39, 587.23, 584.01, 583.18, 586.43, 590.94, 588.25, 589.48, 578.94, 555.19, 0
585.39, 587.23, 584.01, 583.18, 586.43, 590.94, 588.25, 589.48, 578.94, 555.19, 548.18, 0
587.23, 584.01, 583.18, 586.43, 590.94, 588.25, 589.48, 578.94, 555.19, 548.18, 515.44, 0
584.01, 583.18, 586.43, 590.94, 588.25, 589.48, 578.94, 555.19, 548.18, 515.44, 499.4, 1
583.18, 586.43, 590.94, 588.25, 589.48, 578.94, 555.19, 548.18, 515.44, 499.4, 510.15, 0
586.43, 590.94, 588.25, 589.48, 578.94, 555.19, 548.18, 515.44, 499.4, 510.15, 496.57, 0
590.94, 588.25, 589.48, 578.94, 555.19, 548.18, 515.44, 499.4, 510.15, 496.57, 465.59, 1
588.25, 589.48, 578.94, 555.19, 548.18, 515.44, 499.4, 510.15, 496.57, 465.59, 481.54, 1
589.48, 578.94, 555.19, 548.18, 515.44, 499.4, 510.15, 496.57, 465.59, 481.54, 504.05, 1
578.94, 555.19, 548.18, 515.44, 499.4, 510.15, 496.57, 465.59, 481.54, 504.05, 519.8, 0
555.19, 548.18, 515.44, 499.4, 510.15, 496.57, 465.59, 481.54, 504.05, 519.8, 512.16, 0
548.18, 515.44, 499.4, 510.15, 496.57, 465.59, 481.54, 504.05, 519.8, 512.16, 500.74, 1
515.44, 499.4, 510.15, 496.57, 465.59, 481.54, 504.05, 519.8, 512.16, 500.74, 507.97, 0
499.4, 510.15, 496.57, 465.59, 481.54, 504.05, 519.8, 512.16, 500.74, 507.97, 503.12, 1
510.15, 496.57, 465.59, 481.54, 504.05, 519.8, 512.16, 500.74, 507.97, 503.12, 510.97, 0
496.57, 465.59, 481.54, 504.05, 519.8, 512.16, 500.74, 507.97, 503.12, 510.97, 508.96, 1
465.59, 481.54, 504.05, 519.8, 512.16, 500.74, 507.97, 503.12, 510.97, 508.96, 509.12, 0
481.54, 504.05, 519.8, 512.16, 500.74, 507.97, 503.12, 510.97, 508.96, 509.12, 508.91, 0
504.05, 519.8, 512.16, 500.74, 507.97, 503.12, 510.97, 508.96, 509.12, 508.91, 502.63, 0
519.8, 512.16, 500.74, 507.97, 503.12, 510.97, 508.96, 509.12, 508.91, 502.63, 482.43, 0
512.16, 500.74, 507.97, 503.12, 510.97, 508.96, 509.12, 508.91, 502.63, 482.43, 478.48, 0
500.74, 507.97, 503.12, 510.97, 508.96, 509.12, 508.91, 502.63, 482.43, 478.48, 477.75, 0
507.97, 503.12, 510.97, 508.96, 509.12, 508.91, 502.63, 482.43, 478.48, 477.75, 476.97, 1
503.12, 510.97, 508.96, 509.12, 508.91, 502.63, 482.43, 478.48, 477.75, 476.97, 487.62, 0
510.97, 508.96, 509.12, 508.91, 502.63, 482.43, 478.48, 477.75, 476.97, 487.62, 483.33, 0
508.96, 509.12, 508.91, 502.63, 482.43, 478.48, 477.75, 476.97, 487.62, 483.33, 482.07, 1
509.12, 508.91, 502.63, 482.43, 478.48, 477.75, 476.97, 487.62, 483.33, 482.07, 482.93, 0
508.91, 502.63, 482.43, 478.48, 477.75, 476.97, 487.62, 483.33, 482.07, 482.93, 472.59, 0
502.63, 482.43, 478.48, 477.75, 476.97, 487.62, 483.33, 482.07, 482.93, 472.59, 470.93, 1
482.43, 478.48, 477.75, 476.97, 487.62, 483.33, 482.07, 482.93, 472.59, 470.93, 480.79, 0
478.48, 477.75, 476.97, 487.62, 483.33, 482.07, 482.93, 472.59, 470.93, 480.79, 475.53, 0
477.75, 476.97, 487.62, 483.33, 482.07, 482.93, 472.59, 470.93, 480.79, 475.53, 474.44, 1
476.97, 487.62, 483.33, 482.07, 482.93, 472.59, 470.93, 480.79, 475.53, 474.44, 478.16, 0
487.62, 483.33, 482.07, 482.93, 472.59, 470.93, 480.79, 475.53, 474.44, 478.16, 477.25, 0
483.33, 482.07, 482.93, 472.59, 470.93, 480.79, 475.53, 474.44, 478.16, 477.25, 473.9, 0
482.07, 482.93, 472.59, 470.93, 480.79, 475.53, 474.44, 478.16, 477.25, 473.9, 455.35, 0
482.93, 472.59, 470.93, 480.79, 475.53, 474.44, 478.16, 477.25, 473.9, 455.35, 454.89, 0
472.59, 470.93, 480.79, 475.53, 474.44, 478.16, 477.25, 473.9, 455.35, 454.89, 426.72, 0
470.93, 480.79, 475.53, 474.44, 478.16, 477.25, 473.9, 455.35, 454.89, 426.72, 398.59, 1
480.79, 475.53, 474.44, 478.16, 477.25, 473.9, 455.35, 454.89, 426.72, 398.59, 408.04, 0
475.53, 474.44, 478.16, 477.25, 473.9, 455.35, 454.89, 426.72, 398.59, 408.04, 402.66, 0
474.44, 478.16, 477.25, 473.9, 455.35, 454.89, 426.72, 398.59, 408.04, 402.66, 399.96, 1
478.16, 477.25, 473.9, 455.35, 454.89, 426.72, 398.59, 408.04, 402.66, 399.96, 425.2, 1
477.25, 473.9, 455.35, 454.89, 426.72, 398.59, 408.04, 402.66, 399.96, 425.2, 425.22, 0
473.9, 455.35, 454.89, 426.72, 398.59, 408.04, 402.66, 399.96, 425.2, 425.22, 410.39, 0
455.35, 454.89, 426.72, 398.59, 408.04, 402.66, 399.96, 425.2, 425.22, 410.39, 399.63, 1
454.89, 426.72, 398.59, 408.04, 402.66, 399.96, 425.2, 425.22, 410.39, 399.63, 400.86, 0
426.72, 398.59, 408.04, 402.66, 399.96, 425.2, 425.22, 410.39, 399.63, 400.86, 384.12, 0
398.59, 408.04, 402.66, 399.96, 425.2, 425.22, 410.39, 399.63, 400.86, 384.12, 376.68, 1
408.04, 402.66, 399.96, 425.2, 425.22, 410.39, 399.63, 400.86, 384.12, 376.68, 384.7, 0
402.66, 399.96, 425.2, 425.22, 410.39, 399.63, 400.86, 384.12, 376.68, 384.7, 373.14, 1
399.96, 425.2, 425.22, 410.39, 399.63, 400.86, 384.12, 376.68, 384.7, 373.14, 375.96, 0
425.2, 425.22, 410.39, 399.63, 400.86, 384.12, 376.68, 384.7, 373.14, 375.96, 362.11, 0
425.22, 410.39, 399.63, 400.86, 384.12, 376.68, 384.7, 373.14, 375.96, 362.11, 334.94, 0
410.39, 399.63, 400.86, 384.12, 376.68, 384.7, 373.14, 375.96, 362.11, 334.94, 315.09, 1
399.63, 400.86, 384.12, 376.68, 384.7, 373.14, 375.96, 362.11, 334.94, 315.09, 333.68, 0
400.86, 384.12, 376.68, 384.7, 373.14, 375.96, 362.11, 334.94, 315.09, 333.68, 331, 1
384.12, 376.68, 384.7, 373.14, 375.96, 362.11, 334.94, 315.09, 333.68, 331, 345.6, 1
376.68, 384.7, 373.14, 375.96, 362.11, 334.94, 315.09, 333.68, 331, 345.6, 366.31, 0
384.7, 373.14, 375.96, 362.11, 334.94, 315.09, 333.68, 331, 345.6, 366.31, 359.67, 1
373.14, 375.96, 362.11, 334.94, 315.09, 333.68, 331, 345.6, 366.31, 359.67, 366.33, 1
375.96, 362.11, 334.94, 315.09, 333.68, 331, 345.6, 366.31, 359.67, 366.33, 369.74, 1
362.11, 334.94, 315.09, 333.68, 331, 345.6, 366.31, 359.67, 366.33, 369.74, 383.29, 1
334.94, 315.09, 333.68, 331, 345.6, 366.31, 359.67, 366.33, 369.74, 383.29, 402.46, 0
315.09, 333.68, 331, 345.6, 366.31, 359.67, 366.33, 369.74, 383.29, 402.46, 392.54, 0
333.68, 331, 345.6, 366.31, 359.67, 366.33, 369.74, 383.29, 402.46, 392.54, 381.82, 0
331, 345.6, 366.31, 359.67, 366.33, 369.74, 383.29, 402.46, 392.54, 381.82, 380.69, 1
345.6, 366.31, 359.67, 366.33, 369.74, 383.29, 402.46, 392.54, 381.82, 380.69, 387.64, 1
366.31, 359.67, 366.33, 369.74, 383.29, 402.46, 392.54, 381.82, 380.69, 387.64, 388.46, 0
359.67, 366.33, 369.74, 383.29, 402.46, 392.54, 381.82, 380.69, 387.64, 388.46, 381.29, 0
366.33, 369.74, 383.29, 402.46, 392.54, 381.82, 380.69, 387.64, 388.46, 381.29, 378.31, 1
369.74, 383.29, 402.46, 392.54, 381.82, 380.69, 387.64, 388.46, 381.29, 378.31, 381.92, 0
383.29, 402.46, 392.54, 381.82, 380.69, 387.64, 388.46, 381.29, 378.31, 381.92, 362.39, 0
402.46, 392.54, 381.82, 380.69, 387.64, 388.46, 381.29, 378.31, 381.92, 362.39, 356.69, 0
392.54, 381.82, 380.69, 387.64, 388.46, 381.29, 378.31, 381.92, 362.39, 356.69, 348.43, 1
381.82, 380.69, 387.64, 388.46, 381.29, 378.31, 381.92, 362.39, 356.69, 348.43, 350.32, 1
380.69, 387.64, 388.46, 381.29, 378.31, 381.92, 362.39, 356.69, 348.43, 350.32, 352.32, 1
387.64, 388.46, 381.29, 378.31, 381.92, 362.39, 356.69, 348.43, 350.32, 352.32, 353.86, 0
388.46, 381.29, 378.31, 381.92, 362.39, 356.69, 348.43, 350.32, 352.32, 353.86, 340.2, 1
381.29, 378.31, 381.92, 362.39, 356.69, 348.43, 350.32, 352.32, 353.86, 340.2, 342.12, 0
378.31, 381.92, 362.39, 356.69, 348.43, 350.32, 352.32, 353.86, 340.2, 342.12, 336.23, 0
381.92, 362.39, 356.69, 348.43, 350.32, 352.32, 353.86, 340.2, 342.12, 336.23, 326.35, 0
362.39, 356.69, 348.43, 350.32, 352.32, 353.86, 340.2, 342.12, 336.23, 326.35, 324.45, 1
356.69, 348.43, 350.32, 352.32, 353.86, 340.2, 342.12, 336.23, 326.35, 324.45, 326.45, 1
348.43, 350.32, 352.32, 353.86, 340.2, 342.12, 336.23, 326.35, 324.45, 326.45, 327.98, 1
350.32, 352.32, 353.86, 340.2, 342.12, 336.23, 326.35, 324.45, 326.45, 327.98, 341.03, 1
352.32, 353.86, 340.2, 342.12, 336.23, 326.35, 324.45, 326.45, 327.98, 341.03, 346.86, 0
353.86, 340.2, 342.12, 336.23, 326.35, 324.45, 326.45, 327.98, 341.03, 346.86, 342.99, 1
340.2, 342.12, 336.23, 326.35, 324.45, 326.45, 327.98, 341.03, 346.86, 342.99, 344.23, 1
342.12, 336.23, 326.35, 324.45, 326.45, 327.98, 341.03, 346.86, 342.99, 344.23, 357.54, 1
336.23, 326.35, 324.45, 326.45, 327.98, 341.03, 346.86, 342.99, 344.23, 357.54, 374.76, 0
326.35, 324.45, 326.45, 327.98, 341.03, 346.86, 342.99, 344.23, 357.54, 374.76, 366.74, 1
324.45, 326.45, 327.98, 341.03, 346.86, 342.99, 344.23, 357.54, 374.76, 366.74, 413.77, 1
326.45, 327.98, 341.03, 346.86, 342.99, 344.23, 357.54, 374.76, 366.74, 413.77, 418.8, 0
327.98, 341.03, 346.86, 342.99, 344.23, 357.54, 374.76, 366.74, 413.77, 418.8, 396.8, 0
341.03, 346.86, 342.99, 344.23, 357.54, 374.76, 366.74, 413.77, 418.8, 396.8, 379.74, 1
346.86, 342.99, 344.23, 357.54, 374.76, 366.74, 413.77, 418.8, 396.8, 379.74, 386.74, 1
342.99, 344.23, 357.54, 374.76, 366.74, 413.77, 418.8, 396.8, 379.74, 386.74, 388.9, 0
344.23, 357.54, 374.76, 366.74, 413.77, 418.8, 396.8, 379.74, 386.74, 388.9, 376.57, 1
357.54, 374.76, 366.74, 413.77, 418.8, 396.8, 379.74, 386.74, 388.9, 376.57, 376.93, 0
374.76, 366.74, 413.77, 418.8, 396.8, 379.74, 386.74, 388.9, 376.57, 376.93, 361.7, 0
366.74, 413.77, 418.8, 396.8, 379.74, 386.74, 388.9, 376.57, 376.93, 361.7, 351.01, 1
413.77, 418.8, 396.8, 379.74, 386.74, 388.9, 376.57, 376.93, 361.7, 351.01, 355.25, 1
418.8, 396.8, 379.74, 386.74, 388.9, 376.57, 376.93, 361.7, 351.01, 355.25, 363.06, 1
396.8, 379.74, 386.74, 388.9, 376.57, 376.93, 361.7, 351.01, 355.25, 363.06, 378.3, 0
379.74, 386.74, 388.9, 376.57, 376.93, 361.7, 351.01, 355.25, 363.06, 378.3, 377.93, 0
386.74, 388.9, 376.57, 376.93, 361.7, 351.01, 355.25, 363.06, 378.3, 377.93, 369.61, 1
388.9, 376.57, 376.93, 361.7, 351.01, 355.25, 363.06, 378.3, 377.93, 369.61, 369.79, 1
376.57, 376.93, 361.7, 351.01, 355.25, 363.06, 378.3, 377.93, 369.61, 369.79, 375.03, 1
376.93, 361.7, 351.01, 355.25, 363.06, 378.3, 377.93, 369.61, 369.79, 375.03, 376.28, 1
361.7, 351.01, 355.25, 363.06, 378.3, 377.93, 369.61, 369.79, 375.03, 376.28, 377.59, 1
351.01, 355.25, 363.06, 378.3, 377.93, 369.61, 369.79, 375.03, 376.28, 377.59, 379.24, 1
355.25, 363.06, 378.3, 377.93, 369.61, 369.79, 375.03, 376.28, 377.59, 379.24, 381.39, 0
363.06, 378.3, 377.93, 369.61, 369.79, 375.03, 376.28, 377.59, 379.24, 381.39, 377.54, 0
378.3, 377.93, 369.61, 369.79, 375.03, 376.28, 377.59, 379.24, 381.39, 377.54, 372.21, 1
377.93, 369.61, 369.79, 375.03, 376.28, 377.59, 379.24, 381.39, 377.54, 372.21, 372.56, 1
369.61, 369.79, 375.03, 376.28, 377.59, 379.24, 381.39, 377.54, 372.21, 372.56, 375.12, 1
369.79, 375.03, 376.28, 377.59, 379.24, 381.39, 377.54, 372.21, 372.56, 375.12, 375.34, 0
375.03, 376.28, 377.59, 379.24, 381.39, 377.54, 372.21, 372.56, 375.12, 375.34, 365.7, 0
376.28, 377.59, 379.24, 381.39, 377.54, 372.21, 372.56, 375.12, 375.34, 365.7, 352.35, 0
377.59, 379.24, 381.39, 377.54, 372.21, 372.56, 375.12, 375.34, 365.7, 352.35, 348.02, 1
379.24, 381.39, 377.54, 372.21, 372.56, 375.12, 375.34, 365.7, 352.35, 348.02, 349.98, 1
381.39, 377.54, 372.21, 372.56, 375.12, 375.34, 365.7, 352.35, 348.02, 349.98, 352.15, 0
377.54, 372.21, 372.56, 375.12, 375.34, 365.7, 352.35, 348.02, 349.98, 352.15, 347.43, 1
372.21, 372.56, 375.12, 375.34, 365.7, 352.35, 348.02, 349.98, 352.15, 347.43, 351.11, 0
372.56, 375.12, 375.34, 365.7, 352.35, 348.02, 349.98, 352.15, 347.43, 351.11, 340.24, 0
375.12, 375.34, 365.7, 352.35, 348.02, 349.98, 352.15, 347.43, 351.11, 340.24, 330.69, 0
375.34, 365.7, 352.35, 348.02, 349.98, 352.15, 347.43, 351.11, 340.24, 330.69, 320.79, 0
365.7, 352.35, 348.02, 349.98, 352.15, 347.43, 351.11, 340.24, 330.69, 320.79, 312.43, 1
352.35, 348.02, 349.98, 352.15, 347.43, 351.11, 340.24, 330.69, 320.79, 312.43, 314.99, 1
348.02, 349.98, 352.15, 347.43, 351.11, 340.24, 330.69, 320.79, 312.43, 314.99, 326.96, 0
349.98, 352.15, 347.43, 351.11, 340.24, 330.69, 320.79, 312.43, 314.99, 326.96, 322.57, 1
352.15, 347.43, 351.11, 340.24, 330.69, 320.79, 312.43, 314.99, 326.96, 322.57, 330.07, 1
347.43, 351.11, 340.24, 330.69, 320.79, 312.43, 314.99, 326.96, 322.57, 330.07, 334.74, 0
351.11, 340.24, 330.69, 320.79, 312.43, 314.99, 326.96, 322.57, 330.07, 334.74, 325.19, 0
340.24, 330.69, 320.79, 312.43, 314.99, 326.96, 322.57, 330.07, 334.74, 325.19, 318.48, 1
330.69, 320.79, 312.43, 314.99, 326.96, 322.57, 330.07, 334.74, 325.19, 318.48, 326.1, 0
320.79, 312.43, 314.99, 326.96, 322.57, 330.07, 334.74, 325.19, 318.48, 326.1, 316.53, 1
312.43, 314.99, 326.96, 322.57, 330.07, 334.74, 325.19, 318.48, 326.1, 316.53, 316.67, 0
314.99, 326.96, 322.57, 330.07, 334.74, 325.19, 318.48, 326.1, 316.53, 316.67, 314.42, 0
326.96, 322.57, 330.07, 334.74, 325.19, 318.48, 326.1, 316.53, 316.67, 314.42, 309.81, 1
322.57, 330.07, 334.74, 325.19, 318.48, 326.1, 316.53, 316.67, 314.42, 309.81, 316.9, 0
330.07, 334.74, 325.19, 318.48, 326.1, 316.53, 316.67, 314.42, 309.81, 316.9, 315.23, 0
334.74, 325.19, 318.48, 326.1, 316.53, 316.67, 314.42, 309.81, 316.9, 315.23, 315.03, 0
325.19, 318.48, 326.1, 316.53, 316.67, 314.42, 309.81, 316.9, 315.23, 315.03, 293.11, 0
318.48, 326.1, 316.53, 316.67, 314.42, 309.81, 316.9, 315.23, 315.03, 293.11, 271.68, 0
326.1, 316.53, 316.67, 314.42, 309.81, 316.9, 315.23, 315.03, 293.11, 271.68, 271.39, 1
316.53, 316.67, 314.42, 309.81, 316.9, 315.23, 315.03, 293.11, 271.68, 271.39, 282.85, 1
316.67, 314.42, 309.81, 316.9, 315.23, 315.03, 293.11, 271.68, 271.39, 282.85, 293.46, 0
314.42, 309.81, 316.9, 315.23, 315.03, 293.11, 271.68, 271.39, 282.85, 293.46, 287.17, 0
309.81, 316.9, 315.23, 315.03, 293.11, 271.68, 271.39, 282.85, 293.46, 287.17, 278.13, 0
316.9, 315.23, 315.03, 293.11, 271.68, 271.39, 282.85, 293.46, 287.17, 278.13, 277.14, 0
315.23, 315.03, 293.11, 271.68, 271.39, 282.85, 293.46, 287.17, 278.13, 277.14, 268.93, 0
315.03, 293.11, 271.68, 271.39, 282.85, 293.46, 287.17, 278.13, 277.14, 268.93, 268.91, 0
293.11, 271.68, 271.39, 282.85, 293.46, 287.17, 278.13, 277.14, 268.93, 268.91, 234.63, 0
271.68, 271.39, 282.85, 293.46, 287.17, 278.13, 277.14, 268.93, 268.91, 234.63, 192.13, 1
271.39, 282.85, 293.46, 287.17, 278.13, 277.14, 268.93, 268.91, 234.63, 192.13, 208.79, 1
282.85, 293.46, 287.17, 278.13, 277.14, 268.93, 268.91, 234.63, 192.13, 208.79, 208.81, 0
293.46, 287.17, 278.13, 277.14, 268.93, 268.91, 234.63, 192.13, 208.79, 208.81, 200.21, 1
287.17, 278.13, 277.14, 268.93, 268.91, 234.63, 192.13, 208.79, 208.81, 200.21, 209.06, 1
278.13, 277.14, 268.93, 268.91, 234.63, 192.13, 208.79, 208.81, 200.21, 209.06, 215.72, 0
277.14, 268.93, 268.91, 234.63, 192.13, 208.79, 208.81, 200.21, 209.06, 215.72, 211.52, 1
268.93, 268.91, 234.63, 192.13, 208.79, 208.81, 200.21, 209.06, 215.72, 211.52, 220, 1
268.91, 234.63, 192.13, 208.79, 208.81, 200.21, 209.06, 215.72, 211.52, 220, 232.36, 1
234.63, 192.13, 208.79, 208.81, 200.21, 209.06, 215.72, 211.52, 220, 232.36, 232.38, 1
192.13, 208.79, 208.81, 200.21, 209.06, 215.72, 211.52, 220, 232.36, 232.38, 246.29, 1
208.79, 208.81, 200.21, 209.06, 215.72, 211.52, 220, 232.36, 232.38, 246.29, 250.55, 1
208.81, 200.21, 209.06, 215.72, 211.52, 220, 232.36, 232.38, 246.29, 250.55, 273.97, 0
200.21, 209.06, 215.72, 211.52, 220, 232.36, 232.38, 246.29, 250.55, 273.97, 261.86, 0
209.06, 215.72, 211.52, 220, 232.36, 232.38, 246.29, 250.55, 273.97, 261.86, 240.7, 0
215.72, 211.52, 220, 232.36, 232.38, 246.29, 250.55, 273.97, 261.86, 240.7, 232.02, 0
211.52, 220, 232.36, 232.38, 246.29, 250.55, 273.97, 261.86, 240.7, 232.02, 228.99, 0
220, 232.36, 232.38, 246.29, 250.55, 273.97, 261.86, 240.7, 232.02, 228.99, 223.65, 0
232.36, 232.38, 246.29, 250.55, 273.97, 261.86, 240.7, 232.02, 228.99, 223.65, 223.54, 1
232.38, 246.29, 250.55, 273.97, 261.86, 240.7, 232.02, 228.99, 223.65, 223.54, 230.6, 0
246.29, 250.55, 273.97, 261.86, 240.7, 232.02, 228.99, 223.65, 223.54, 230.6, 229.09, 0
250.55, 273.97, 261.86, 240.7, 232.02, 228.99, 223.65, 223.54, 230.6, 229.09, 226.62, 0
273.97, 261.86, 240.7, 232.02, 228.99, 223.65, 223.54, 230.6, 229.09, 226.62, 218.86, 1
261.86, 240.7, 232.02, 228.99, 223.65, 223.54, 230.6, 229.09, 226.62, 218.86, 222.08, 1
240.7, 232.02, 228.99, 223.65, 223.54, 230.6, 229.09, 226.62, 218.86, 222.08, 227.2, 0
232.02, 228.99, 223.65, 223.54, 230.6, 229.09, 226.62, 218.86, 222.08, 227.2, 223.57, 0
228.99, 223.65, 223.54, 230.6, 229.09, 226.62, 218.86, 222.08, 227.2, 223.57, 220.59, 0
223.65, 223.54, 230.6, 229.09, 226.62, 218.86, 222.08, 227.2, 223.57, 220.59, 219.78, 1
223.54, 230.6, 229.09, 226.62, 218.86, 222.08, 227.2, 223.57, 220.59, 219.78, 220.27, 1
230.6, 229.09, 226.62, 218.86, 222.08, 227.2, 223.57, 220.59, 219.78, 220.27, 221.35, 1
229.09, 226.62, 218.86, 222.08, 227.2, 223.57, 220.59, 219.78, 220.27, 221.35, 236.64, 1
226.62, 218.86, 222.08, 227.2, 223.57, 220.59, 219.78, 220.27, 221.35, 236.64, 251.7, 0
218.86, 222.08, 227.2, 223.57, 220.59, 219.78, 220.27, 221.35, 236.64, 251.7, 239.64, 0
222.08, 227.2, 223.57, 220.59, 219.78, 220.27, 221.35, 236.64, 251.7, 239.64, 234.86, 1
227.2, 223.57, 220.59, 219.78, 220.27, 221.35, 236.64, 251.7, 239.64, 234.86, 241.45, 0
223.57, 220.59, 219.78, 220.27, 221.35, 236.64, 251.7, 239.64, 234.86, 241.45, 237.79, 1
220.59, 219.78, 220.27, 221.35, 236.64, 251.7, 239.64, 234.86, 241.45, 237.79, 239.72, 1
219.78, 220.27, 221.35, 236.64, 251.7, 239.64, 234.86, 241.45, 237.79, 239.72, 243, 1
220.27, 221.35, 236.64, 251.7, 239.64, 234.86, 241.45, 237.79, 239.72, 243, 244.41, 0
221.35, 236.64, 251.7, 239.64, 234.86, 241.45, 237.79, 239.72, 243, 244.41, 237.8, 1
236.64, 251.7, 239.64, 234.86, 241.45, 237.79, 239.72, 243, 244.41, 237.8, 239.13, 0
251.7, 239.64, 234.86, 241.45, 237.79, 239.72, 243, 244.41, 237.8, 239.13, 238.4, 0
239.64, 234.86, 241.45, 237.79, 239.72, 243, 244.41, 237.8, 239.13, 238.4, 237.49, 0
234.86, 241.45, 237.79, 239.72, 243, 244.41, 237.8, 239.13, 238.4, 237.49, 236.25, 1
241.45, 237.79, 239.72, 243, 244.41, 237.8, 239.13, 238.4, 237.49, 236.25, 252.63, 1
237.79, 239.72, 243, 244.41, 237.8, 239.13, 238.4, 237.49, 236.25, 252.63, 257.25, 0
239.72, 243, 244.41, 237.8, 239.13, 238.4, 237.49, 236.25, 252.63, 257.25, 253.49, 1
243, 244.41, 237.8, 239.13, 238.4, 237.49, 236.25, 252.63, 257.25, 253.49, 267.96, 1
244.41, 237.8, 239.13, 238.4, 237.49, 236.25, 252.63, 257.25, 253.49, 267.96, 279.85, 0
237.8, 239.13, 238.4, 237.49, 236.25, 252.63, 257.25, 253.49, 267.96, 279.85, 275.94, 0
239.13, 238.4, 237.49, 236.25, 252.63, 257.25, 253.49, 267.96, 279.85, 275.94, 273.65, 0
238.4, 237.49, 236.25, 252.63, 257.25, 253.49, 267.96, 279.85, 275.94, 273.65, 273.22, 1
237.49, 236.25, 252.63, 257.25, 253.49, 267.96, 279.85, 275.94, 273.65, 273.22, 275.99, 0
236.25, 252.63, 257.25, 253.49, 267.96, 279.85, 275.94, 273.65, 273.22, 275.99, 275.01, 1
252.63, 257.25, 253.49, 267.96, 279.85, 275.94, 273.65, 273.22, 275.99, 275.01, 286.53, 1
257.25, 253.49, 267.96, 279.85, 275.94, 273.65, 273.22, 275.99, 275.01, 286.53, 292.42, 1
253.49, 267.96, 279.85, 275.94, 273.65, 273.22, 275.99, 275.01, 286.53, 292.42, 295.09, 0
267.96, 279.85, 275.94, 273.65, 273.22, 275.99, 275.01, 286.53, 292.42, 295.09, 294.94, 0
279.85, 275.94, 273.65, 273.22, 275.99, 275.01, 286.53, 292.42, 295.09, 294.94, 287.83, 0
275.94, 273.65, 273.22, 275.99, 275.01, 286.53, 292.42, 295.09, 294.94, 287.83, 282.82, 0
273.65, 273.22, 275.99, 275.01, 286.53, 292.42, 295.09, 294.94, 287.83, 282.82, 282.14, 1
273.22, 275.99, 275.01, 286.53, 292.42, 295.09, 294.94, 287.83, 282.82, 282.14, 290.83, 0
275.99, 275.01, 286.53, 292.42, 295.09, 294.94, 287.83, 282.82, 282.14, 290.83, 287.38, 0
275.01, 286.53, 292.42, 295.09, 294.94, 287.83, 282.82, 282.14, 290.83, 287.38, 265.06, 0
286.53, 292.42, 295.09, 294.94, 287.83, 282.82, 282.14, 290.83, 287.38, 265.06, 258.2, 1
292.42, 295.09, 294.94, 287.83, 282.82, 282.14, 290.83, 287.38, 265.06, 258.2, 260.33, 0
295.09, 294.94, 287.83, 282.82, 282.14, 290.83, 287.38, 265.06, 258.2, 260.33, 259.99, 1
294.94, 287.83, 282.82, 282.14, 290.83, 287.38, 265.06, 258.2, 260.33, 259.99, 265.45, 1
287.83, 282.82, 282.14, 290.83, 287.38, 265.06, 258.2, 260.33, 259.99, 265.45, 265.95, 0
282.82, 282.14, 290.83, 287.38, 265.06, 258.2, 260.33, 259.99, 265.45, 265.95, 250.16, 0
282.14, 290.83, 287.38, 265.06, 258.2, 260.33, 259.99, 265.45, 265.95, 250.16, 246.17, 1
290.83, 287.38, 265.06, 258.2, 260.33, 259.99, 265.45, 265.95, 250.16, 246.17, 249.6, 0
287.38, 265.06, 258.2, 260.33, 259.99, 265.45, 265.95, 250.16, 246.17, 249.6, 247.5, 1
265.06, 258.2, 260.33, 259.99, 265.45, 265.95, 250.16, 246.17, 249.6, 247.5, 252.13, 0
258.2, 260.33, 259.99, 265.45, 265.95, 250.16, 246.17, 249.6, 247.5, 252.13, 243.86, 1
260.33, 259.99, 265.45, 265.95, 250.16, 246.17, 249.6, 247.5, 252.13, 243.86, 247.6, 0
259.99, 265.45, 265.95, 250.16, 246.17, 249.6, 247.5, 252.13, 243.86, 247.6, 244.67, 1
265.45, 265.95, 250.16, 246.17, 249.6, 247.5, 252.13, 243.86, 247.6, 244.67, 245.31, 1
265.95, 250.16, 246.17, 249.6, 247.5, 252.13, 243.86, 247.6, 244.67, 245.31, 251.39, 1
250.16, 246.17, 249.6, 247.5, 252.13, 243.86, 247.6, 244.67, 245.31, 251.39, 253.7, 0
246.17, 249.6, 247.5, 252.13, 243.86, 247.6, 244.67, 245.31, 251.39, 253.7, 253.04, 1
249.6, 247.5, 252.13, 243.86, 247.6, 244.67, 245.31, 251.39, 253.7, 253.04, 257.89, 0
247.5, 252.13, 243.86, 247.6, 244.67, 245.31, 251.39, 253.7, 253.04, 257.89, 255.91, 0
252.13, 243.86, 247.6, 244.67, 245.31, 251.39, 253.7, 253.04, 257.89, 255.91, 254.27, 0
243.86, 247.6, 244.67, 245.31, 251.39, 253.7, 253.04, 257.89, 255.91, 254.27, 246.78, 0
247.6, 244.67, 245.31, 251.39, 253.7, 253.04, 257.89, 255.91, 254.27, 246.78, 240.83, 0
244.67, 245.31, 251.39, 253.7, 253.04, 257.89, 255.91, 254.27, 246.78, 240.83, 236.57, 0
245.31, 251.39, 253.7, 253.04, 257.89, 255.91, 254.27, 246.78, 240.83, 236.57, 236.38, 1
251.39, 253.7, 253.04, 257.89, 255.91, 254.27, 246.78, 240.83, 236.57, 236.38, 236.41, 0
253.7, 253.04, 257.89, 255.91, 254.27, 246.78, 240.83, 236.57, 236.38, 236.41, 227.79, 0
253.04, 257.89, 255.91, 254.27, 246.78, 240.83, 236.57, 236.38, 236.41, 227.79, 220.4, 1
257.89, 255.91, 254.27, 246.78, 240.83, 236.57, 236.38, 236.41, 227.79, 220.4, 222.02, 1
255.91, 254.27, 246.78, 240.83, 236.57, 236.38, 236.41, 227.79, 220.4, 222.02, 228.26, 0
254.27, 246.78, 240.83, 236.57, 236.38, 236.41, 227.79, 220.4, 222.02, 228.26, 223.66, 0
246.78, 240.83, 236.57, 236.38, 236.41, 227.79, 220.4, 222.02, 228.26, 223.66, 223.03, 1
240.83, 236.57, 236.38, 236.41, 227.79, 220.4, 222.02, 228.26, 223.66, 223.03, 225.62, 0
236.57, 236.38, 236.41, 227.79, 220.4, 222.02, 228.26, 223.66, 223.03, 225.62, 224.39, 1
236.38, 236.41, 227.79, 220.4, 222.02, 228.26, 223.66, 223.03, 225.62, 224.39, 229.94, 1
236.41, 227.79, 220.4, 222.02, 228.26, 223.66, 223.03, 225.62, 224.39, 229.94, 235.37, 0
227.79, 220.4, 222.02, 228.26, 223.66, 223.03, 225.62, 224.39, 229.94, 235.37, 235.27, 0
220.4, 222.02, 228.26, 223.66, 223.03, 225.62, 224.39, 229.94, 235.37, 235.27, 229.53, 0
222.02, 228.26, 223.66, 223.03, 225.62, 224.39, 229.94, 235.37, 235.27, 229.53, 227.86, 0
228.26, 223.66, 223.03, 225.62, 224.39, 229.94, 235.37, 235.27, 229.53, 227.86, 218.85, 1
223.66, 223.03, 225.62, 224.39, 229.94, 235.37, 235.27, 229.53, 227.86, 218.85, 224.7, 1
223.03, 225.62, 224.39, 229.94, 235.37, 235.27, 229.53, 227.86, 218.85, 224.7, 225.68, 1
225.62, 224.39, 229.94, 235.37, 235.27, 229.53, 227.86, 218.85, 224.7, 225.68, 228.85, 1
224.39, 229.94, 235.37, 235.27, 229.53, 227.86, 218.85, 224.7, 225.68, 228.85, 235.08, 0
229.94, 235.37, 235.27, 229.53, 227.86, 218.85, 224.7, 225.68, 228.85, 235.08, 234.19, 1
235.37, 235.27, 229.53, 227.86, 218.85, 224.7, 225.68, 228.85, 235.08, 234.19, 235.37, 1
235.27, 229.53, 227.86, 218.85, 224.7, 225.68, 228.85, 235.08, 234.19, 235.37, 240.72, 0
229.53, 227.86, 218.85, 224.7, 225.68, 228.85, 235.08, 234.19, 235.37, 240.72, 238.75, 0
227.86, 218.85, 224.7, 225.68, 228.85, 235.08, 234.19, 235.37, 240.72, 238.75, 236.09, 0
218.85, 224.7, 225.68, 228.85, 235.08, 234.19, 235.37, 240.72, 238.75, 236.09, 233.32, 1
224.7, 225.68, 228.85, 235.08, 234.19, 235.37, 240.72, 238.75, 236.09, 233.32, 235.98, 1
225.68, 228.85, 235.08, 234.19, 235.37, 240.72, 238.75, 236.09, 233.32, 235.98, 242.98, 0
228.85, 235.08, 234.19, 235.37, 240.72, 238.75, 236.09, 233.32, 235.98, 242.98, 241.63, 0
235.08, 234.19, 235.37, 240.72, 238.75, 236.09, 233.32, 235.98, 242.98, 241.63, 240.85, 1
234.19, 235.37, 240.72, 238.75, 236.09, 233.32, 235.98, 242.98, 241.63, 240.85, 242.35, 0
235.37, 240.72, 238.75, 236.09, 233.32, 235.98, 242.98, 241.63, 240.85, 242.35, 241.84, 0
240.72, 238.75, 236.09, 233.32, 235.98, 242.98, 241.63, 240.85, 242.35, 241.84, 240.56, 0
238.75, 236.09, 233.32, 235.98, 242.98, 241.63, 240.85, 242.35, 241.84, 240.56, 238.53, 0
236.09, 233.32, 235.98, 242.98, 241.63, 240.85, 242.35, 241.84, 240.56, 238.53, 237.88, 0
233.32, 235.98, 242.98, 241.63, 240.85, 242.35, 241.84, 240.56, 238.53, 237.88, 236.94, 1
235.98, 242.98, 241.63, 240.85, 242.35, 241.84, 240.56, 238.53, 237.88, 236.94, 237.05, 0
242.98, 241.63, 240.85, 242.35, 241.84, 240.56, 238.53, 237.88, 236.94, 237.05, 235.09, 0
241.63, 240.85, 242.35, 241.84, 240.56, 238.53, 237.88, 236.94, 237.05, 235.09, 234.29, 1
240.85, 242.35, 241.84, 240.56, 238.53, 237.88, 236.94, 237.05, 235.09, 234.29, 234.42, 1
242.35, 241.84, 240.56, 238.53, 237.88, 236.94, 237.05, 235.09, 234.29, 234.42, 235.84, 1
241.84, 240.56, 238.53, 237.88, 236.94, 237.05, 235.09, 234.29, 234.42, 235.84, 239.64, 1
240.56, 238.53, 237.88, 236.94, 237.05, 235.09, 234.29, 234.42, 235.84, 239.64, 239.79, 1
238.53, 237.88, 236.94, 237.05, 235.09, 234.29, 234.42, 235.84, 239.64, 239.79, 240.56, 0
237.88, 236.94, 237.05, 235.09, 234.29, 234.42, 235.84, 239.64, 239.79, 240.56, 237.99, 0
236.94, 237.05, 235.09, 234.29, 234.42, 235.84, 239.64, 239.79, 240.56, 237.99, 237.61, 1
237.05, 235.09, 234.29, 234.42, 235.84, 239.64, 239.79, 240.56, 237.99, 237.61, 237.62, 1
235.09, 234.29, 234.42, 235.84, 239.64, 239.79, 240.56, 237.99, 237.61, 237.62, 237.88, 0
234.29, 234.42, 235.84, 239.64, 239.79, 240.56, 237.99, 237.61, 237.62, 237.88, 235.22, 0
234.42, 235.84, 239.64, 239.79, 240.56, 237.99, 237.61, 237.62, 237.88, 235.22, 233.87, 0
235.84, 239.64, 239.79, 240.56, 237.99, 237.61, 237.62, 237.88, 235.22, 233.87, 231.75, 0
239.64, 239.79, 240.56, 237.99, 237.61, 237.62, 237.88, 235.22, 233.87, 231.75, 224.65, 1
239.79, 240.56, 237.99, 237.61, 237.62, 237.88, 235.22, 233.87, 231.75, 224.65, 225.62, 1
240.56, 237.99, 237.61, 237.62, 237.88, 235.22, 233.87, 231.75, 224.65, 225.62, 226.09, 0
237.99, 237.61, 237.62, 237.88, 235.22, 233.87, 231.75, 224.65, 225.62, 226.09, 225.45, 1
237.61, 237.62, 237.88, 235.22, 233.87, 231.75, 224.65, 225.62, 226.09, 225.45, 225.47, 1
237.62, 237.88, 235.22, 233.87, 231.75, 224.65, 225.62, 226.09, 225.45, 225.47, 226.07, 0
237.88, 235.22, 233.87, 231.75, 224.65, 225.62, 226.09, 225.45, 225.47, 226.07, 224.38, 1
235.22, 233.87, 231.75, 224.65, 225.62, 226.09, 225.45, 225.47, 226.07, 224.38, 228.58, 1
233.87, 231.75, 224.65, 225.62, 226.09, 225.45, 225.47, 226.07, 224.38, 228.58, 230.18, 0
231.75, 224.65, 225.62, 226.09, 225.45, 225.47, 226.07, 224.38, 228.58, 230.18, 229.69, 1
224.65, 225.62, 226.09, 225.45, 225.47, 226.07, 224.38, 228.58, 230.18, 229.69, 230.41, 1
225.62, 226.09, 225.45, 225.47, 226.07, 224.38, 228.58, 230.18, 229.69, 230.41, 231.01, 1
226.09, 225.45, 225.47, 226.07, 224.38, 228.58, 230.18, 229.69, 230.41, 231.01, 234.94, 0
225.45, 225.47, 226.07, 224.38, 228.58, 230.18, 229.69, 230.41, 231.01, 234.94, 234.14, 1
225.47, 226.07, 224.38, 228.58, 230.18, 229.69, 230.41, 231.01, 234.94, 234.14, 236.98, 1
226.07, 224.38, 228.58, 230.18, 229.69, 230.41, 231.01, 234.94, 234.14, 236.98, 246.68, 1
224.38, 228.58, 230.18, 229.69, 230.41, 231.01, 234.94, 234.14, 236.98, 246.68, 250.58, 0
228.58, 230.18, 229.69, 230.41, 231.01, 234.94, 234.14, 236.98, 246.68, 250.58, 248.16, 0
230.18, 229.69, 230.41, 231.01, 234.94, 234.14, 236.98, 246.68, 250.58, 248.16, 246.24, 0
229.69, 230.41, 231.01, 234.94, 234.14, 236.98, 246.68, 250.58, 248.16, 246.24, 244.8, 0
230.41, 231.01, 234.94, 234.14, 236.98, 246.68, 250.58, 248.16, 246.24, 244.8, 244.19, 1
231.01, 234.94, 234.14, 236.98, 246.68, 250.58, 248.16, 246.24, 244.8, 244.19, 246.66, 0
234.94, 234.14, 236.98, 246.68, 250.58, 248.16, 246.24, 244.8, 244.19, 246.66, 244.9, 0
234.14, 236.98, 246.68, 250.58, 248.16, 246.24, 244.8, 244.19, 246.66, 244.9, 242.2, 1
236.98, 246.68, 250.58, 248.16, 246.24, 244.8, 244.19, 246.66, 244.9, 242.2, 243.07, 0
246.68, 250.58, 248.16, 246.24, 244.8, 244.19, 246.66, 244.9, 242.2, 243.07, 242.98, 1
250.58, 248.16, 246.24, 244.8, 244.19, 246.66, 244.9, 242.2, 243.07, 242.98, 249, 1
248.16, 246.24, 244.8, 244.19, 246.66, 244.9, 242.2, 243.07, 242.98, 249, 251.31, 1
246.24, 244.8, 244.19, 246.66, 244.9, 242.2, 243.07, 242.98, 249, 251.31, 254.95, 1
244.8, 244.19, 246.66, 244.9, 242.2, 243.07, 242.98, 249, 251.31, 254.95, 262.37, 0
244.19, 246.66, 244.9, 242.2, 243.07, 242.98, 249, 251.31, 254.95, 262.37, 259, 0
246.66, 244.9, 242.2, 243.07, 242.98, 249, 251.31, 254.95, 262.37, 259, 256.05, 1
244.9, 242.2, 243.07, 242.98, 249, 251.31, 254.95, 262.37, 259, 256.05, 258.58, 1
242.2, 243.07, 242.98, 249, 251.31, 254.95, 262.37, 259, 256.05, 258.58, 259.03, 1
243.07, 242.98, 249, 251.31, 254.95, 262.37, 259, 256.05, 258.58, 259.03, 268.72, 1
242.98, 249, 251.31, 254.95, 262.37, 259, 256.05, 258.58, 259.03, 268.72, 271.16, 0
249, 251.31, 254.95, 262.37, 259, 256.05, 258.58, 259.03, 268.72, 271.16, 266.53, 1
251.31, 254.95, 262.37, 259, 256.05, 258.58, 259.03, 268.72, 271.16, 266.53, 274.68, 0
254.95, 262.37, 259, 256.05, 258.58, 259.03, 268.72, 271.16, 266.53, 274.68, 269.38, 1
262.37, 259, 256.05, 258.58, 259.03, 268.72, 271.16, 266.53, 274.68, 269.38, 285.13, 1
259, 256.05, 258.58, 259.03, 268.72, 271.16, 266.53, 274.68, 269.38, 285.13, 292.12, 1
256.05, 258.58, 259.03, 268.72, 271.16, 266.53, 274.68, 269.38, 285.13, 292.12, 307.26, 0
258.58, 259.03, 268.72, 271.16, 266.53, 274.68, 269.38, 285.13, 292.12, 307.26, 289.22, 0
259.03, 268.72, 271.16, 266.53, 274.68, 269.38, 285.13, 292.12, 307.26, 289.22, 289.16, 0
268.72, 271.16, 266.53, 274.68, 269.38, 285.13, 292.12, 307.26, 289.22, 289.16, 288.1, 0
271.16, 266.53, 274.68, 269.38, 285.13, 292.12, 307.26, 289.22, 289.16, 288.1, 279.14, 0
266.53, 274.68, 269.38, 285.13, 292.12, 307.26, 289.22, 289.16, 288.1, 279.14, 278.05, 0
274.68, 269.38, 285.13, 292.12, 307.26, 289.22, 289.16, 288.1, 279.14, 278.05, 275.93, 0
269.38, 285.13, 292.12, 307.26, 289.22, 289.16, 288.1, 279.14, 278.05, 275.93, 273.69, 1
285.13, 292.12, 307.26, 289.22, 289.16, 288.1, 279.14, 278.05, 275.93, 273.69, 277.54, 1
292.12, 307.26, 289.22, 289.16, 288.1, 279.14, 278.05, 275.93, 273.69, 277.54, 277.66, 0
307.26, 289.22, 289.16, 288.1, 279.14, 278.05, 275.93, 273.69, 277.54, 277.66, 276.76, 1
289.22, 289.16, 288.1, 279.14, 278.05, 275.93, 273.69, 277.54, 277.66, 276.76, 280.17, 1
289.16, 288.1, 279.14, 278.05, 275.93, 273.69, 277.54, 277.66, 276.76, 280.17, 286.01, 1
288.1, 279.14, 278.05, 275.93, 273.69, 277.54, 277.66, 276.76, 280.17, 286.01, 288.34, 1
279.14, 278.05, 275.93, 273.69, 277.54, 277.66, 276.76, 280.17, 286.01, 288.34, 291.47, 1
278.05, 275.93, 273.69, 277.54, 277.66, 276.76, 280.17, 286.01, 288.34, 291.47, 292.7, 0
275.93, 273.69, 277.54, 277.66, 276.76, 280.17, 286.01, 288.34, 291.47, 292.7, 291.9, 0
273.69, 277.54, 277.66, 276.76, 280.17, 286.01, 288.34, 291.47, 292.7, 291.9, 290.83, 0
277.54, 277.66, 276.76, 280.17, 286.01, 288.34, 291.47, 292.7, 291.9, 290.83, 287.88, 0
277.66, 276.76, 280.17, 286.01, 288.34, 291.47, 292.7, 291.9, 290.83, 287.88, 285.02, 0
276.76, 280.17, 286.01, 288.34, 291.47, 292.7, 291.9, 290.83, 287.88, 285.02, 281.18, 1
280.17, 286.01, 288.34, 291.47, 292.7, 291.9, 290.83, 287.88, 285.02, 281.18, 281.43, 1
286.01, 288.34, 291.47, 292.7, 291.9, 290.83, 287.88, 285.02, 281.18, 281.43, 282.55, 1
288.34, 291.47, 292.7, 291.9, 290.83, 287.88, 285.02, 281.18, 281.43, 282.55, 284.78, 0
291.47, 292.7, 291.9, 290.83, 287.88, 285.02, 281.18, 281.43, 282.55, 284.78, 282.66, 0
292.7, 291.9, 290.83, 287.88, 285.02, 281.18, 281.43, 282.55, 284.78, 282.66, 279.43, 0
291.9, 290.83, 287.88, 285.02, 281.18, 281.43, 282.55, 284.78, 282.66, 279.43, 275.92, 0
290.83, 287.88, 285.02, 281.18, 281.43, 282.55, 284.78, 282.66, 279.43, 275.92, 267.89, 0
287.88, 285.02, 281.18, 281.43, 282.55, 284.78, 282.66, 279.43, 275.92, 267.89, 264.02, 1
285.02, 281.18, 281.43, 282.55, 284.78, 282.66, 279.43, 275.92, 267.89, 264.02, 264.33, 1
281.18, 281.43, 282.55, 284.78, 282.66, 279.43, 275.92, 267.89, 264.02, 264.33, 268.01, 0
281.43, 282.55, 284.78, 282.66, 279.43, 275.92, 267.89, 264.02, 264.33, 268.01, 266.05, 0
282.55, 284.78, 282.66, 279.43, 275.92, 267.89, 264.02, 264.33, 268.01, 266.05, 264.91, 1
284.78, 282.66, 279.43, 275.92, 267.89, 264.02, 264.33, 268.01, 266.05, 264.91, 265.8, 0
282.66, 279.43, 275.92, 267.89, 264.02, 264.33, 268.01, 266.05, 264.91, 265.8, 263.84, 0
279.43, 275.92, 267.89, 264.02, 264.33, 268.01, 266.05, 264.91, 265.8, 263.84, 258.76, 0
275.92, 267.89, 264.02, 264.33, 268.01, 266.05, 264.91, 265.8, 263.84, 258.76, 252.11, 0
267.89, 264.02, 264.33, 268.01, 266.05, 264.91, 265.8, 263.84, 258.76, 252.11, 241.71, 0
264.02, 264.33, 268.01, 266.05, 264.91, 265.8, 263.84, 258.76, 252.11, 241.71, 230.14, 1
264.33, 268.01, 266.05, 264.91, 265.8, 263.84, 258.76, 252.11, 241.71, 230.14, 234.01, 0
268.01, 266.05, 264.91, 265.8, 263.84, 258.76, 252.11, 241.71, 230.14, 234.01, 233.09, 0
266.05, 264.91, 265.8, 263.84, 258.76, 252.11, 241.71, 230.14, 234.01, 233.09, 227.41, 1
264.91, 265.8, 263.84, 258.76, 252.11, 241.71, 230.14, 234.01, 233.09, 227.41, 228.45, 0
265.8, 263.84, 258.76, 252.11, 241.71, 230.14, 234.01, 233.09, 227.41, 228.45, 215.25, 1
263.84, 258.76, 252.11, 241.71, 230.14, 234.01, 233.09, 227.41, 228.45, 215.25, 219.01, 1
258.76, 252.11, 241.71, 230.14, 234.01, 233.09, 227.41, 228.45, 215.25, 219.01, 226.32, 1
252.11, 241.71, 230.14, 234.01, 233.09, 227.41, 228.45, 215.25, 219.01, 226.32, 226.6, 1
241.71, 230.14, 234.01, 233.09, 227.41, 228.45, 215.25, 219.01, 226.32, 226.6, 230.39, 0
230.14, 234.01, 233.09, 227.41, 228.45, 215.25, 219.01, 226.32, 226.6, 230.39, 230.08, 0
234.01, 233.09, 227.41, 228.45, 215.25, 219.01, 226.32, 226.6, 230.39, 230.08, 228.79, 1
233.09, 227.41, 228.45, 215.25, 219.01, 226.32, 226.6, 230.39, 230.08, 228.79, 230.45, 0
227.41, 228.45, 215.25, 219.01, 226.32, 226.6, 230.39, 230.08, 228.79, 230.45, 229.36, 0
228.45, 215.25, 219.01, 226.32, 226.6, 230.39, 230.08, 228.79, 230.45, 229.36, 229.03, 0
215.25, 219.01, 226.32, 226.6, 230.39, 230.08, 228.79, 230.45, 229.36, 229.03, 228.22, 1
219.01, 226.32, 226.6, 230.39, 230.08, 228.79, 230.45, 229.36, 229.03, 228.22, 230.52, 1
226.32, 226.6, 230.39, 230.08, 228.79, 230.45, 229.36, 229.03, 228.22, 230.52, 234.14, 1
226.6, 230.39, 230.08, 228.79, 230.45, 229.36, 229.03, 228.22, 230.52, 234.14, 240.17, 1
230.39, 230.08, 228.79, 230.45, 229.36, 229.03, 228.22, 230.52, 234.14, 240.17, 240.43, 1
230.08, 228.79, 230.45, 229.36, 229.03, 228.22, 230.52, 234.14, 240.17, 240.43, 243.59, 0
228.79, 230.45, 229.36, 229.03, 228.22, 230.52, 234.14, 240.17, 240.43, 243.59, 240.26, 0
230.45, 229.36, 229.03, 228.22, 230.52, 234.14, 240.17, 240.43, 243.59, 240.26, 239.02, 0
229.36, 229.03, 228.22, 230.52, 234.14, 240.17, 240.43, 243.59, 240.26, 239.02, 238.35, 0
229.03, 228.22, 230.52, 234.14, 240.17, 240.43, 243.59, 240.26, 239.02, 238.35, 236.7, 0
228.22, 230.52, 234.14, 240.17, 240.43, 243.59, 240.26, 239.02, 238.35, 236.7, 231.66, 0
230.52, 234.14, 240.17, 240.43, 243.59, 240.26, 239.02, 238.35, 236.7, 231.66, 230.23, 1
234.14, 240.17, 240.43, 243.59, 240.26, 239.02, 238.35, 236.7, 231.66, 230.23, 230.4, 0
240.17, 240.43, 243.59, 240.26, 239.02, 238.35, 236.7, 231.66, 230.23, 230.4, 229.78, 1
240.43, 243.59, 240.26, 239.02, 238.35, 236.7, 231.66, 230.23, 230.4, 229.78, 233.01, 1
243.59, 240.26, 239.02, 238.35, 236.7, 231.66, 230.23, 230.4, 229.78, 233.01, 233.06, 0
240.26, 239.02, 238.35, 236.7, 231.66, 230.23, 230.4, 229.78, 233.01, 233.06, 232.09, 0
239.02, 238.35, 236.7, 231.66, 230.23, 230.4, 229.78, 233.01, 233.06, 232.09, 231.68, 0
238.35, 236.7, 231.66, 230.23, 230.4, 229.78, 233.01, 233.06, 232.09, 231.68, 229.18, 1
236.7, 231.66, 230.23, 230.4, 229.78, 233.01, 233.06, 232.09, 231.68, 229.18, 230.49, 1
231.66, 230.23, 230.4, 229.78, 233.01, 233.06, 232.09, 231.68, 229.18, 230.49, 230.88, 1
230.23, 230.4, 229.78, 233.01, 233.06, 232.09, 231.68, 229.18, 230.49, 230.88, 234.34, 1
230.4, 229.78, 233.01, 233.06, 232.09, 231.68, 229.18, 230.49, 230.88, 234.34, 235.38, 1
229.78, 233.01, 233.06, 232.09, 231.68, 229.18, 230.49, 230.88, 234.34, 235.38, 235.73, 0
233.01, 233.06, 232.09, 231.68, 229.18, 230.49, 230.88, 234.34, 235.38, 235.73, 233.55, 1
233.06, 232.09, 231.68, 229.18, 230.49, 230.88, 234.34, 235.38, 235.73, 233.55, 238.39, 0
232.09, 231.68, 229.18, 230.49, 230.88, 234.34, 235.38, 235.73, 233.55, 238.39, 237.95, 0
231.68, 229.18, 230.49, 230.88, 234.34, 235.38, 235.73, 233.55, 238.39, 237.95, 237.2, 1
229.18, 230.49, 230.88, 234.34, 235.38, 235.73, 233.55, 238.39, 237.95, 237.2, 238.9, 0
230.49, 230.88, 234.34, 235.38, 235.73, 233.55, 238.39, 237.95, 237.2, 238.9, 237.91, 1
230.88, 234.34, 235.38, 235.73, 233.55, 238.39, 237.95, 237.2, 238.9, 237.91, 239.33, 1
234.34, 235.38, 235.73, 233.55, 238.39, 237.95, 237.2, 238.9, 237.91, 239.33, 239.55, 1
235.38, 235.73, 233.55, 238.39, 237.95, 237.2, 238.9, 237.91, 239.33, 239.55, 240.01, 1
235.73, 233.55, 238.39, 237.95, 237.2, 238.9, 237.91, 239.33, 239.55, 240.01, 245.88, 0
233.55, 238.39, 237.95, 237.2, 238.9, 237.91, 239.33, 239.55, 240.01, 245.88, 244.84, 0
238.39, 237.95, 237.2, 238.9, 237.91, 239.33, 239.55, 240.01, 245.88, 244.84, 243.91, 1
237.95, 237.2, 238.9, 237.91, 239.33, 239.55, 240.01, 245.88, 244.84, 243.91, 244.77, 1
237.2, 238.9, 237.91, 239.33, 239.55, 240.01, 245.88, 244.84, 243.91, 244.77, 245.82, 1
238.9, 237.91, 239.33, 239.55, 240.01, 245.88, 244.84, 243.91, 244.77, 245.82, 249.43, 0
237.91, 239.33, 239.55, 240.01, 245.88, 244.84, 243.91, 244.77, 245.82, 249.43, 246.25, 1
239.33, 239.55, 240.01, 245.88, 244.84, 243.91, 244.77, 245.82, 249.43, 246.25, 249.49, 1
239.55, 240.01, 245.88, 244.84, 243.91, 244.77, 245.82, 249.43, 246.25, 249.49, 253.14, 1
240.01, 245.88, 244.84, 243.91, 244.77, 245.82, 249.43, 246.25, 249.49, 253.14, 255.27, 1
245.88, 244.84, 243.91, 244.77, 245.82, 249.43, 246.25, 249.49, 253.14, 255.27, 264.73, 1
244.84, 243.91, 244.77, 245.82, 249.43, 246.25, 249.49, 253.14, 255.27, 264.73, 269.65, 0
243.91, 244.77, 245.82, 249.43, 246.25, 249.49, 253.14, 255.27, 264.73, 269.65, 264.74, 0
244.77, 245.82, 249.43, 246.25, 249.49, 253.14, 255.27, 264.73, 269.65, 264.74, 264.43, 1
245.82, 249.43, 246.25, 249.49, 253.14, 255.27, 264.73, 269.65, 264.74, 264.43, 270.15, 1
249.43, 246.25, 249.49, 253.14, 255.27, 264.73, 269.65, 264.74, 264.43, 270.15, 272.37, 1
246.25, 249.49, 253.14, 255.27, 264.73, 269.65, 264.74, 264.43, 270.15, 272.37, 273.89, 1
249.49, 253.14, 255.27, 264.73, 269.65, 264.74, 264.43, 270.15, 272.37, 273.89, 277.57, 1
253.14, 255.27, 264.73, 269.65, 264.74, 264.43, 270.15, 272.37, 273.89, 277.57, 281.75, 1
255.27, 264.73, 269.65, 264.74, 264.43, 270.15, 272.37, 273.89, 277.57, 281.75, 288.55, 1
264.73, 269.65, 264.74, 264.43, 270.15, 272.37, 273.89, 277.57, 281.75, 288.55, 293.23, 1
269.65, 264.74, 264.43, 270.15, 272.37, 273.89, 277.57, 281.75, 288.55, 293.23, 294.32, 1
264.74, 264.43, 270.15, 272.37, 273.89, 277.57, 281.75, 288.55, 293.23, 294.32, 302.13, 1
264.43, 270.15, 272.37, 273.89, 277.57, 281.75, 288.55, 293.23, 294.32, 302.13, 311.67, 1
270.15, 272.37, 273.89, 277.57, 281.75, 288.55, 293.23, 294.32, 302.13, 311.67, 326.27, 1
272.37, 273.89, 277.57, 281.75, 288.55, 293.23, 294.32, 302.13, 311.67, 326.27, 334.23, 0
273.89, 277.57, 281.75, 288.55, 293.23, 294.32, 302.13, 311.67, 326.27, 334.23, 320.98, 1
277.57, 281.75, 288.55, 293.23, 294.32, 302.13, 311.67, 326.27, 334.23, 320.98, 347.73, 1
281.75, 288.55, 293.23, 294.32, 302.13, 311.67, 326.27, 334.23, 320.98, 347.73, 392.01, 1
288.55, 293.23, 294.32, 302.13, 311.67, 326.27, 334.23, 320.98, 347.73, 392.01, 438.82, 0
293.23, 294.32, 302.13, 311.67, 326.27, 334.23, 320.98, 347.73, 392.01, 438.82, 393.37, 0
294.32, 302.13, 311.67, 326.27, 334.23, 320.98, 347.73, 392.01, 438.82, 393.37, 372.47, 1
302.13, 311.67, 326.27, 334.23, 320.98, 347.73, 392.01, 438.82, 393.37, 372.47, 384.45, 0
311.67, 326.27, 334.23, 320.98, 347.73, 392.01, 438.82, 393.37, 372.47, 384.45, 379.37, 0
326.27, 334.23, 320.98, 347.73, 392.01, 438.82, 393.37, 372.47, 384.45, 379.37, 378.42, 0
334.23, 320.98, 347.73, 392.01, 438.82, 393.37, 372.47, 384.45, 379.37, 378.42, 346.11, 0
320.98, 347.73, 392.01, 438.82, 393.37, 372.47, 384.45, 379.37, 378.42, 346.11, 314.08, 1
347.73, 392.01, 438.82, 393.37, 372.47, 384.45, 379.37, 378.42, 346.11, 314.08, 330.86, 1
392.01, 438.82, 393.37, 372.47, 384.45, 379.37, 378.42, 346.11, 314.08, 330.86, 334.88, 0
438.82, 393.37, 372.47, 384.45, 379.37, 378.42, 346.11, 314.08, 330.86, 334.88, 333.9, 0
393.37, 372.47, 384.45, 379.37, 378.42, 346.11, 314.08, 330.86, 334.88, 333.9, 325.14, 1
372.47, 384.45, 379.37, 378.42, 346.11, 314.08, 330.86, 334.88, 333.9, 325.14, 327.75, 1
384.45, 379.37, 378.42, 346.11, 314.08, 330.86, 334.88, 333.9, 325.14, 327.75, 335.44, 0
379.37, 378.42, 346.11, 314.08, 330.86, 334.88, 333.9, 325.14, 327.75, 335.44, 334.99, 0
378.42, 346.11, 314.08, 330.86, 334.88, 333.9, 325.14, 327.75, 335.44, 334.99, 329.2, 0
346.11, 314.08, 330.86, 334.88, 333.9, 325.14, 327.75, 335.44, 334.99, 329.2, 321.77, 1
314.08, 330.86, 334.88, 333.9, 325.14, 327.75, 335.44, 334.99, 329.2, 321.77, 326.15, 0
330.86, 334.88, 333.9, 325.14, 327.75, 335.44, 334.99, 329.2, 321.77, 326.15, 323.97, 0
334.88, 333.9, 325.14, 327.75, 335.44, 334.99, 329.2, 321.77, 326.15, 323.97, 323.24, 0
333.9, 325.14, 327.75, 335.44, 334.99, 329.2, 321.77, 326.15, 323.97, 323.24, 321.26, 1
325.14, 327.75, 335.44, 334.99, 329.2, 321.77, 326.15, 323.97, 323.24, 321.26, 335.8, 1
327.75, 335.44, 334.99, 329.2, 321.77, 326.15, 323.97, 323.24, 321.26, 335.8, 347.14, 1
335.44, 334.99, 329.2, 321.77, 326.15, 323.97, 323.24, 321.26, 335.8, 347.14, 357.35, 0
334.99, 329.2, 321.77, 326.15, 323.97, 323.24, 321.26, 335.8, 347.14, 357.35, 356.8, 1
329.2, 321.77, 326.15, 323.97, 323.24, 321.26, 335.8, 347.14, 357.35, 356.8, 366.64, 1
321.77, 326.15, 323.97, 323.24, 321.26, 335.8, 347.14, 357.35, 356.8, 366.64, 373.97, 0
326.15, 323.97, 323.24, 321.26, 335.8, 347.14, 357.35, 356.8, 366.64, 373.97, 364.56, 0
323.97, 323.24, 321.26, 335.8, 347.14, 357.35, 356.8, 366.64, 373.97, 364.56, 358.25, 1
323.24, 321.26, 335.8, 347.14, 357.35, 356.8, 366.64, 373.97, 364.56, 358.25, 362.24, 0
321.26, 335.8, 347.14, 357.35, 356.8, 366.64, 373.97, 364.56, 358.25, 362.24, 362.1, 1
335.8, 347.14, 357.35, 356.8, 366.64, 373.97, 364.56, 358.25, 362.24, 362.1, 388.16, 1
347.14, 357.35, 356.8, 366.64, 373.97, 364.56, 358.25, 362.24, 362.1, 388.16, 392.95, 1
357.35, 356.8, 366.64, 373.97, 364.56, 358.25, 362.24, 362.1, 388.16, 392.95, 394.58, 1
356.8, 366.64, 373.97, 364.56, 358.25, 362.24, 362.1, 388.16, 392.95, 394.58, 404.63, 1
366.64, 373.97, 364.56, 358.25, 362.24, 362.1, 388.16, 392.95, 394.58, 404.63, 416.85, 1
373.97, 364.56, 358.25, 362.24, 362.1, 388.16, 392.95, 394.58, 404.63, 416.85, 423.3, 1
364.56, 358.25, 362.24, 362.1, 388.16, 392.95, 394.58, 404.63, 416.85, 423.3, 444.94, 0
358.25, 362.24, 362.1, 388.16, 392.95, 394.58, 404.63, 416.85, 423.3, 444.94, 431.9, 1
362.24, 362.1, 388.16, 392.95, 394.58, 404.63, 416.85, 423.3, 444.94, 431.9, 436.16, 1
362.1, 388.16, 392.95, 394.58, 404.63, 416.85, 423.3, 444.94, 431.9, 436.16, 442.7, 1
388.16, 392.95, 394.58, 404.63, 416.85, 423.3, 444.94, 431.9, 436.16, 442.7, 461.23, 0
392.95, 394.58, 404.63, 416.85, 423.3, 444.94, 431.9, 436.16, 442.7, 461.23, 455.18, 0
394.58, 404.63, 416.85, 423.3, 444.94, 431.9, 436.16, 442.7, 461.23, 455.18, 454.77, 1
404.63, 416.85, 423.3, 444.94, 431.9, 436.16, 442.7, 461.23, 455.18, 454.77, 461.99, 0
416.85, 423.3, 444.94, 431.9, 436.16, 442.7, 461.23, 455.18, 454.77, 461.99, 461.95, 0
423.3, 444.94, 431.9, 436.16, 442.7, 461.23, 455.18, 454.77, 461.99, 461.95, 447.36, 0
444.94, 431.9, 436.16, 442.7, 461.23, 455.18, 454.77, 461.99, 461.95, 447.36, 437.06, 0
431.9, 436.16, 442.7, 461.23, 455.18, 454.77, 461.99, 461.95, 447.36, 437.06, 437.05, 1
436.16, 442.7, 461.23, 455.18, 454.77, 461.99, 461.95, 447.36, 437.06, 437.05, 442.7, 1
442.7, 461.23, 455.18, 454.77, 461.99, 461.95, 447.36, 437.06, 437.05, 442.7, 454.47, 0
461.23, 455.18, 454.77, 461.99, 461.95, 447.36, 437.06, 437.05, 442.7, 454.47, 446.76, 0
455.18, 454.77, 461.99, 461.95, 447.36, 437.06, 437.05, 442.7, 454.47, 446.76, 422.72, 0
454.77, 461.99, 461.95, 447.36, 437.06, 437.05, 442.7, 454.47, 446.76, 422.72, 420.68, 1
461.99, 461.95, 447.36, 437.06, 437.05, 442.7, 454.47, 446.76, 422.72, 420.68, 422.21, 1
461.95, 447.36, 437.06, 437.05, 442.7, 454.47, 446.76, 422.72, 420.68, 422.21, 429.29, 0
447.36, 437.06, 437.05, 442.7, 454.47, 446.76, 422.72, 420.68, 422.21, 429.29, 428.74, 1
437.06, 437.05, 442.7, 454.47, 446.76, 422.72, 420.68, 422.21, 429.29, 428.74, 428.85, 1
437.05, 442.7, 454.47, 446.76, 422.72, 420.68, 422.21, 429.29, 428.74, 428.85, 433.36, 0
442.7, 454.47, 446.76, 422.72, 420.68, 422.21, 429.29, 428.74, 428.85, 433.36, 433.36, 0
454.47, 446.76, 422.72, 420.68, 422.21, 429.29, 428.74, 428.85, 433.36, 433.36, 428.82, 1
446.76, 422.72, 420.68, 422.21, 429.29, 428.74, 428.85, 433.36, 433.36, 428.82, 435.9, 0
422.72, 420.68, 422.21, 429.29, 428.74, 428.85, 433.36, 433.36, 428.82, 435.9, 432.62, 0
420.68, 422.21, 429.29, 428.74, 428.85, 433.36, 433.36, 428.82, 435.9, 432.62, 430.49, 1
422.21, 429.29, 428.74, 428.85, 433.36, 433.36, 428.82, 435.9, 432.62, 430.49, 454.29, 0
429.29, 428.74, 428.85, 433.36, 433.36, 428.82, 435.9, 432.62, 430.49, 454.29, 453.71, 0
428.74, 428.85, 433.36, 433.36, 428.82, 435.9, 432.62, 430.49, 454.29, 453.71, 447.46, 0
428.85, 433.36, 433.36, 428.82, 435.9, 432.62, 430.49, 454.29, 453.71, 447.46, 447.29, 1
433.36, 433.36, 428.82, 435.9, 432.62, 430.49, 454.29, 453.71, 447.46, 447.29, 448.09, 0
433.36, 428.82, 435.9, 432.62, 430.49, 454.29, 453.71, 447.46, 447.29, 448.09, 442.4, 0
428.82, 435.9, 432.62, 430.49, 454.29, 453.71, 447.46, 447.29, 448.09, 442.4, 430.24, 0
435.9, 432.62, 430.49, 454.29, 453.71, 447.46, 447.29, 448.09, 442.4, 430.24, 416.78, 0
432.62, 430.49, 454.29, 453.71, 447.46, 447.29, 448.09, 442.4, 430.24, 416.78, 380.95, 1
430.49, 454.29, 453.71, 447.46, 447.29, 448.09, 442.4, 430.24, 416.78, 380.95, 381.85, 1
454.29, 453.71, 447.46, 447.29, 448.09, 442.4, 430.24, 416.78, 380.95, 381.85, 383.97, 1
453.71, 447.46, 447.29, 448.09, 442.4, 430.24, 416.78, 380.95, 381.85, 383.97, 384.97, 0
447.46, 447.29, 448.09, 442.4, 430.24, 416.78, 380.95, 381.85, 383.97, 384.97, 384.51, 1
447.29, 448.09, 442.4, 430.24, 416.78, 380.95, 381.85, 383.97, 384.97, 384.51, 409.94, 0
448.09, 442.4, 430.24, 416.78, 380.95, 381.85, 383.97, 384.97, 384.51, 409.94, 406.89, 0
442.4, 430.24, 416.78, 380.95, 381.85, 383.97, 384.97, 384.51, 409.94, 406.89, 386.5, 1
430.24, 416.78, 380.95, 381.85, 383.97, 384.97, 384.51, 409.94, 406.89, 386.5, 391.01, 1
416.78, 380.95, 381.85, 383.97, 384.97, 384.51, 409.94, 406.89, 386.5, 391.01, 400.44, 0
380.95, 381.85, 383.97, 384.97, 384.51, 409.94, 406.89, 386.5, 391.01, 400.44, 393.52, 1
381.85, 383.97, 384.97, 384.51, 409.94, 406.89, 386.5, 391.01, 400.44, 393.52, 393.96, 0
383.97, 384.97, 384.51, 409.94, 406.89, 386.5, 391.01, 400.44, 393.52, 393.96, 392.71, 0
384.97, 384.51, 409.94, 406.89, 386.5, 391.01, 400.44, 393.52, 393.96, 392.71, 381.27, 0
384.51, 409.94, 406.89, 386.5, 391.01, 400.44, 393.52, 393.96, 392.71, 381.27, 378.36, 1
409.94, 406.89, 386.5, 391.01, 400.44, 393.52, 393.96, 392.71, 381.27, 378.36, 378.5, 0
406.89, 386.5, 391.01, 400.44, 393.52, 393.96, 392.71, 381.27, 378.36, 378.5, 374.88, 0
386.5, 391.01, 400.44, 393.52, 393.96, 392.71, 381.27, 378.36, 378.5, 374.88, 373.13, 1
391.01, 400.44, 393.52, 393.96, 392.71, 381.27, 378.36, 378.5, 374.88, 373.13, 374.48, 0
400.44, 393.52, 393.96, 392.71, 381.27, 378.36, 378.5, 374.88, 373.13, 374.48, 373.58, 1
393.52, 393.96, 392.71, 381.27, 378.36, 378.5, 374.88, 373.13, 374.48, 373.58, 386.49, 0
393.96, 392.71, 381.27, 378.36, 378.5, 374.88, 373.13, 374.48, 373.58, 386.49, 384.98, 0
392.71, 381.27, 378.36, 378.5, 374.88, 373.13, 374.48, 373.58, 386.49, 384.98, 377.2, 0
381.27, 378.36, 378.5, 374.88, 373.13, 374.48, 373.58, 386.49, 384.98, 377.2, 376.51, 0
378.36, 378.5, 374.88, 373.13, 374.48, 373.58, 386.49, 384.98, 377.2, 376.51, 374.29, 1
378.5, 374.88, 373.13, 374.48, 373.58, 386.49, 384.98, 377.2, 376.51, 374.29, 375.99, 1
374.88, 373.13, 374.48, 373.58, 386.49, 384.98, 377.2, 376.51, 374.29, 375.99, 380.99, 0
373.13, 374.48, 373.58, 386.49, 384.98, 377.2, 376.51, 374.29, 375.99, 380.99, 379.23, 1
374.48, 373.58, 386.49, 384.98, 377.2, 376.51, 374.29, 375.99, 380.99, 379.23, 385.62, 1
373.58, 386.49, 384.98, 377.2, 376.51, 374.29, 375.99, 380.99, 379.23, 385.62, 394.46, 1
386.49, 384.98, 377.2, 376.51, 374.29, 375.99, 380.99, 379.23, 385.62, 394.46, 404.94, 0
384.98, 377.2, 376.51, 374.29, 375.99, 380.99, 379.23, 385.62, 394.46, 404.94, 403.65, 1
377.2, 376.51, 374.29, 375.99, 380.99, 379.23, 385.62, 394.46, 404.94, 403.65, 409.41, 1
376.51, 374.29, 375.99, 380.99, 379.23, 385.62, 394.46, 404.94, 403.65, 409.41, 418.71, 1
374.29, 375.99, 380.99, 379.23, 385.62, 394.46, 404.94, 403.65, 409.41, 418.71, 421.63, 1
375.99, 380.99, 379.23, 385.62, 394.46, 404.94, 403.65, 409.41, 418.71, 421.63, 423.68, 1
380.99, 379.23, 385.62, 394.46, 404.94, 403.65, 409.41, 418.71, 421.63, 423.68, 437.93, 1
379.23, 385.62, 394.46, 404.94, 403.65, 409.41, 418.71, 421.63, 423.68, 437.93, 439.65, 0
385.62, 394.46, 404.94, 403.65, 409.41, 418.71, 421.63, 423.68, 437.93, 439.65, 436.45, 0
394.46, 404.94, 403.65, 409.41, 418.71, 421.63, 423.68, 437.93, 439.65, 436.45, 423.36, 1
404.94, 403.65, 409.41, 418.71, 421.63, 423.68, 437.93, 439.65, 436.45, 423.36, 424.75, 1
403.65, 409.41, 418.71, 421.63, 423.68, 437.93, 439.65, 436.45, 423.36, 424.75, 424.8, 1
409.41, 418.71, 421.63, 423.68, 437.93, 439.65, 436.45, 423.36, 424.75, 424.8, 429.78, 1
418.71, 421.63, 423.68, 437.93, 439.65, 436.45, 423.36, 424.75, 424.8, 429.78, 432.82, 1
421.63, 423.68, 437.93, 439.65, 436.45, 423.36, 424.75, 424.8, 429.78, 432.82, 435.08, 1
423.68, 437.93, 439.65, 436.45, 423.36, 424.75, 424.8, 429.78, 432.82, 435.08, 437.51, 0
437.93, 439.65, 436.45, 423.36, 424.75, 424.8, 429.78, 432.82, 435.08, 437.51, 434.55, 0
439.65, 436.45, 423.36, 424.75, 424.8, 429.78, 432.82, 435.08, 437.51, 434.55, 427.17, 0
436.45, 423.36, 424.75, 424.8, 429.78, 432.82, 435.08, 437.51, 434.55, 427.17, 420.8, 0
423.36, 424.75, 424.8, 429.78, 432.82, 435.08, 437.51, 434.55, 427.17, 420.8, 412.45, 0
424.75, 424.8, 429.78, 432.82, 435.08, 437.51, 434.55, 427.17, 420.8, 412.45, 402.65, 1
424.8, 429.78, 432.82, 435.08, 437.51, 434.55, 427.17, 420.8, 412.45, 402.65, 407.74, 1
429.78, 432.82, 435.08, 437.51, 434.55, 427.17, 420.8, 412.45, 402.65, 407.74, 413.29, 0
432.82, 435.08, 437.51, 434.55, 427.17, 420.8, 412.45, 402.65, 407.74, 413.29, 413.25, 1
435.08, 437.51, 434.55, 427.17, 420.8, 412.45, 402.65, 407.74, 413.29, 413.25, 413.98, 1
437.51, 434.55, 427.17, 420.8, 412.45, 402.65, 407.74, 413.29, 413.25, 413.98, 417.69, 1
434.55, 427.17, 420.8, 412.45, 402.65, 407.74, 413.29, 413.25, 413.98, 417.69, 419.3, 0
427.17, 420.8, 412.45, 402.65, 407.74, 413.29, 413.25, 413.98, 417.69, 419.3, 413.29, 1
420.8, 412.45, 402.65, 407.74, 413.29, 413.25, 413.98, 417.69, 419.3, 413.29, 414.15, 1
412.45, 402.65, 407.74, 413.29, 413.25, 413.98, 417.69, 419.3, 413.29, 414.15, 415.69, 1
402.65, 407.74, 413.29, 413.25, 413.98, 417.69, 419.3, 413.29, 414.15, 415.69, 416.77, 1
407.74, 413.29, 413.25, 413.98, 417.69, 419.3, 413.29, 414.15, 415.69, 416.77, 417.92, 1
413.29, 413.25, 413.98, 417.69, 419.3, 413.29, 414.15, 415.69, 416.77, 417.92, 418.18, 0
413.25, 413.98, 417.69, 419.3, 413.29, 414.15, 415.69, 416.77, 417.92, 418.18, 409.92, 0
413.98, 417.69, 419.3, 413.29, 414.15, 415.69, 416.77, 417.92, 418.18, 409.92, 409.34, 1
417.69, 419.3, 413.29, 414.15, 415.69, 416.77, 417.92, 418.18, 409.92, 409.34, 411.86, 1
419.3, 413.29, 414.15, 415.69, 416.77, 417.92, 418.18, 409.92, 409.34, 411.86, 412.92, 1
413.29, 414.15, 415.69, 416.77, 417.92, 418.18, 409.92, 409.34, 411.86, 412.92, 417.59, 1
414.15, 415.69, 416.77, 417.92, 418.18, 409.92, 409.34, 411.86, 412.92, 417.59, 417.98, 0
415.69, 416.77, 417.92, 418.18, 409.92, 409.34, 411.86, 412.92, 417.59, 417.98, 416.66, 1
416.77, 417.92, 418.18, 409.92, 409.34, 411.86, 412.92, 417.59, 417.98, 416.66, 417.48, 1
417.92, 418.18, 409.92, 409.34, 411.86, 412.92, 417.59, 417.98, 416.66, 417.48, 418.81, 1
418.18, 409.92, 409.34, 411.86, 412.92, 417.59, 417.98, 416.66, 417.48, 418.81, 424.96, 0
409.92, 409.34, 411.86, 412.92, 417.59, 417.98, 416.66, 417.48, 418.81, 424.96, 422.26, 0
409.34, 411.86, 412.92, 417.59, 417.98, 416.66, 417.48, 418.81, 424.96, 422.26, 416.09, 0
411.86, 412.92, 417.59, 417.98, 416.66, 417.48, 418.81, 424.96, 422.26, 416.09, 414.15, 1
412.92, 417.59, 417.98, 416.66, 417.48, 418.81, 424.96, 422.26, 416.09, 414.15, 416.24, 1
417.59, 417.98, 416.66, 417.48, 418.81, 424.96, 422.26, 416.09, 414.15, 416.24, 417.55, 1
417.98, 416.66, 417.48, 418.81, 424.96, 422.26, 416.09, 414.15, 416.24, 417.55, 419.67, 0
416.66, 417.48, 418.81, 424.96, 422.26, 416.09, 414.15, 416.24, 417.55, 419.67, 419.65, 1
417.48, 418.81, 424.96, 422.26, 416.09, 414.15, 416.24, 417.55, 419.67, 419.65, 420.1, 1
418.81, 424.96, 422.26, 416.09, 414.15, 416.24, 417.55, 419.67, 419.65, 420.1, 422.4, 0
424.96, 422.26, 416.09, 414.15, 416.24, 417.55, 419.67, 419.65, 420.1, 422.4, 422.05, 0
422.26, 416.09, 414.15, 416.24, 417.55, 419.67, 419.65, 420.1, 422.4, 422.05, 421.8, 0
416.09, 414.15, 416.24, 417.55, 419.67, 419.65, 420.1, 422.4, 422.05, 421.8, 419.27, 0
414.15, 416.24, 417.55, 419.67, 419.65, 420.1, 422.4, 422.05, 421.8, 419.27, 418.68, 1
416.24, 417.55, 419.67, 419.65, 420.1, 422.4, 422.05, 421.8, 419.27, 418.68, 421.14, 1
417.55, 419.67, 419.65, 420.1, 422.4, 422.05, 421.8, 419.27, 418.68, 421.14, 423.21, 1
419.67, 419.65, 420.1, 422.4, 422.05, 421.8, 419.27, 418.68, 421.14, 423.21, 425.64, 0
419.65, 420.1, 422.4, 422.05, 421.8, 419.27, 418.68, 421.14, 423.21, 425.64, 424.27, 1
420.1, 422.4, 422.05, 421.8, 419.27, 418.68, 421.14, 423.21, 425.64, 424.27, 425.59, 1
422.4, 422.05, 421.8, 419.27, 418.68, 421.14, 423.21, 425.64, 424.27, 425.59, 430.05, 1
422.05, 421.8, 419.27, 418.68, 421.14, 423.21, 425.64, 424.27, 425.59, 430.05, 430.95, 0
421.8, 419.27, 418.68, 421.14, 423.21, 425.64, 424.27, 425.59, 430.05, 430.95, 428.62, 1
419.27, 418.68, 421.14, 423.21, 425.64, 424.27, 425.59, 430.05, 430.95, 428.62, 429.08, 1
418.68, 421.14, 423.21, 425.64, 424.27, 425.59, 430.05, 430.95, 428.62, 429.08, 435.11, 1
421.14, 423.21, 425.64, 424.27, 425.59, 430.05, 430.95, 428.62, 429.08, 435.11, 441.91, 1
423.21, 425.64, 424.27, 425.59, 430.05, 430.95, 428.62, 429.08, 435.11, 441.91, 448.44, 0
425.64, 424.27, 425.59, 430.05, 430.95, 428.62, 429.08, 435.11, 441.91, 448.44, 447.37, 1
424.27, 425.59, 430.05, 430.95, 428.62, 429.08, 435.11, 441.91, 448.44, 447.37, 451.34, 1
425.59, 430.05, 430.95, 428.62, 429.08, 435.11, 441.91, 448.44, 447.37, 451.34, 459.43, 1
430.05, 430.95, 428.62, 429.08, 435.11, 441.91, 448.44, 447.37, 451.34, 459.43, 462.29, 1
430.95, 428.62, 429.08, 435.11, 441.91, 448.44, 447.37, 451.34, 459.43, 462.29, 465.64, 0
428.62, 429.08, 435.11, 441.91, 448.44, 447.37, 451.34, 459.43, 462.29, 465.64, 449.52, 0
429.08, 435.11, 441.91, 448.44, 447.37, 451.34, 459.43, 462.29, 465.64, 449.52, 448.45, 1
435.11, 441.91, 448.44, 447.37, 451.34, 459.43, 462.29, 465.64, 449.52, 448.45, 454.02, 0
441.91, 448.44, 447.37, 451.34, 459.43, 462.29, 465.64, 449.52, 448.45, 454.02, 449.95, 1
448.44, 447.37, 451.34, 459.43, 462.29, 465.64, 449.52, 448.45, 454.02, 449.95, 450.76, 0
447.37, 451.34, 459.43, 462.29, 465.64, 449.52, 448.45, 454.02, 449.95, 450.76, 445.11, 1
451.34, 459.43, 462.29, 465.64, 449.52, 448.45, 454.02, 449.95, 450.76, 445.11, 449.21, 0
459.43, 462.29, 465.64, 449.52, 448.45, 454.02, 449.95, 450.76, 445.11, 449.21, 447.35, 1
462.29, 465.64, 449.52, 448.45, 454.02, 449.95, 450.76, 445.11, 449.21, 447.35, 449.21, 1
465.64, 449.52, 448.45, 454.02, 449.95, 450.76, 445.11, 449.21, 447.35, 449.21, 457.04, 1
449.52, 448.45, 454.02, 449.95, 450.76, 445.11, 449.21, 447.35, 449.21, 457.04, 459.48, 0
448.45, 454.02, 449.95, 450.76, 445.11, 449.21, 447.35, 449.21, 457.04, 459.48, 459.14, 1
454.02, 449.95, 450.76, 445.11, 449.21, 447.35, 449.21, 457.04, 459.48, 459.14, 460.46, 0
449.95, 450.76, 445.11, 449.21, 447.35, 449.21, 457.04, 459.48, 459.14, 460.46, 453.25, 0
450.76, 445.11, 449.21, 447.35, 449.21, 457.04, 459.48, 459.14, 460.46, 453.25, 452.83, 1
445.11, 449.21, 447.35, 449.21, 457.04, 459.48, 459.14, 460.46, 453.25, 452.83, 454.16, 1
449.21, 447.35, 449.21, 457.04, 459.48, 459.14, 460.46, 453.25, 452.83, 454.16, 456, 1
447.35, 449.21, 457.04, 459.48, 459.14, 460.46, 453.25, 452.83, 454.16, 456, 456.43, 1
449.21, 457.04, 459.48, 459.14, 460.46, 453.25, 452.83, 454.16, 456, 456.43, 458.46, 0
457.04, 459.48, 459.14, 460.46, 453.25, 452.83, 454.16, 456, 456.43, 458.46, 454.84, 0
459.48, 459.14, 460.46, 453.25, 452.83, 454.16, 456, 456.43, 458.46, 454.84, 454.47, 0
459.14, 460.46, 453.25, 452.83, 454.16, 456, 456.43, 458.46, 454.84, 454.47, 454.04, 0
460.46, 453.25, 452.83, 454.16, 456, 456.43, 458.46, 454.84, 454.47, 454.04, 442.93, 1
453.25, 452.83, 454.16, 456, 456.43, 458.46, 454.84, 454.47, 454.04, 442.93, 443, 1
452.83, 454.16, 456, 456.43, 458.46, 454.84, 454.47, 454.04, 442.93, 443, 443.52, 0
454.16, 456, 456.43, 458.46, 454.84, 454.47, 454.04, 442.93, 443, 443.52, 440.85, 1
456, 456.43, 458.46, 454.84, 454.47, 454.04, 442.93, 443, 443.52, 440.85, 444.24, 1
456.43, 458.46, 454.84, 454.47, 454.04, 442.93, 443, 443.52, 440.85, 444.24, 447.5, 1
458.46, 454.84, 454.47, 454.04, 442.93, 443, 443.52, 440.85, 444.24, 447.5, 450.46, 1
454.84, 454.47, 454.04, 442.93, 443, 443.52, 440.85, 444.24, 447.5, 450.46, 458.82, 1
454.47, 454.04, 442.93, 443, 443.52, 440.85, 444.24, 447.5, 450.46, 458.82, 480.71, 1
454.04, 442.93, 443, 443.52, 440.85, 444.24, 447.5, 450.46, 458.82, 480.71, 519.5, 1
442.93, 443, 443.52, 440.85, 444.24, 447.5, 450.46, 458.82, 480.71, 519.5, 533.44, 1
443, 443.52, 440.85, 444.24, 447.5, 450.46, 458.82, 480.71, 519.5, 533.44, 536.13, 0
443.52, 440.85, 444.24, 447.5, 450.46, 458.82, 480.71, 519.5, 533.44, 536.13, 532.91, 1
440.85, 444.24, 447.5, 450.46, 458.82, 480.71, 519.5, 533.44, 536.13, 532.91, 536.41, 1
444.24, 447.5, 450.46, 458.82, 480.71, 519.5, 533.44, 536.13, 532.91, 536.41, 541.83, 1
447.5, 450.46, 458.82, 480.71, 519.5, 533.44, 536.13, 532.91, 536.41, 541.83, 568.92, 1
450.46, 458.82, 480.71, 519.5, 533.44, 536.13, 532.91, 536.41, 541.83, 568.92, 574.1, 1
458.82, 480.71, 519.5, 533.44, 536.13, 532.91, 536.41, 541.83, 568.92, 574.1, 577.44, 1
480.71, 519.5, 533.44, 536.13, 532.91, 536.41, 541.83, 568.92, 574.1, 577.44, 584.11, 0
519.5, 533.44, 536.13, 532.91, 536.41, 541.83, 568.92, 574.1, 577.44, 584.11, 578.53, 1
533.44, 536.13, 532.91, 536.41, 541.83, 568.92, 574.1, 577.44, 584.11, 578.53, 580.91, 0
536.13, 532.91, 536.41, 541.83, 568.92, 574.1, 577.44, 584.11, 578.53, 580.91, 577.38, 1
532.91, 536.41, 541.83, 568.92, 574.1, 577.44, 584.11, 578.53, 580.91, 577.38, 580.7, 1
536.41, 541.83, 568.92, 574.1, 577.44, 584.11, 578.53, 580.91, 577.38, 580.7, 609.23, 1
541.83, 568.92, 574.1, 577.44, 584.11, 578.53, 580.91, 577.38, 580.7, 609.23, 666.1, 1
568.92, 574.1, 577.44, 584.11, 578.53, 580.91, 577.38, 580.7, 609.23, 666.1, 695.99, 0
574.1, 577.44, 584.11, 578.53, 580.91, 577.38, 580.7, 609.23, 666.1, 695.99, 685.76, 1
577.44, 584.11, 578.53, 580.91, 577.38, 580.7, 609.23, 666.1, 695.99, 685.76, 703.27, 1
584.11, 578.53, 580.91, 577.38, 580.7, 609.23, 666.1, 695.99, 685.76, 703.27, 756.96, 0
578.53, 580.91, 577.38, 580.7, 609.23, 666.1, 695.99, 685.76, 703.27, 756.96, 749.43, 1
580.91, 577.38, 580.7, 609.23, 666.1, 695.99, 685.76, 703.27, 756.96, 749.43, 758.16, 1
577.38, 580.7, 609.23, 666.1, 695.99, 685.76, 703.27, 756.96, 749.43, 758.16, 760.72, 0
580.7, 609.23, 666.1, 695.99, 685.76, 703.27, 756.96, 749.43, 758.16, 760.72, 726.2, 0
609.23, 666.1, 695.99, 685.76, 703.27, 756.96, 749.43, 758.16, 760.72, 726.2, 664.82, 0
666.1, 695.99, 685.76, 703.27, 756.96, 749.43, 758.16, 760.72, 726.2, 664.82, 615, 1
695.99, 685.76, 703.27, 756.96, 749.43, 758.16, 760.72, 726.2, 664.82, 615, 623.81, 1
685.76, 703.27, 756.96, 749.43, 758.16, 760.72, 726.2, 664.82, 615, 623.81, 663.66, 0
703.27, 756.96, 749.43, 758.16, 760.72, 726.2, 664.82, 615, 623.81, 663.66, 659.88, 0
756.96, 749.43, 758.16, 760.72, 726.2, 664.82, 615, 623.81, 663.66, 659.88, 633.42, 1
749.43, 758.16, 760.72, 726.2, 664.82, 615, 623.81, 663.66, 659.88, 633.42, 649.79, 0
758.16, 760.72, 726.2, 664.82, 615, 623.81, 663.66, 659.88, 633.42, 649.79, 644.97, 0
760.72, 726.2, 664.82, 615, 623.81, 663.66, 659.88, 633.42, 649.79, 644.97, 641.99, 1
726.2, 664.82, 615, 623.81, 663.66, 659.88, 633.42, 649.79, 644.97, 641.99, 670.4, 1
664.82, 615, 623.81, 663.66, 659.88, 633.42, 649.79, 644.97, 641.99, 670.4, 678.97, 1
615, 623.81, 663.66, 659.88, 633.42, 649.79, 644.97, 641.99, 670.4, 678.97, 693.16, 0
623.81, 663.66, 659.88, 633.42, 649.79, 644.97, 641.99, 670.4, 678.97, 693.16, 665.83, 1
663.66, 659.88, 633.42, 649.79, 644.97, 641.99, 670.4, 678.97, 693.16, 665.83, 675.93, 0
659.88, 633.42, 649.79, 644.97, 641.99, 670.4, 678.97, 693.16, 665.83, 675.93, 670.73, 0
633.42, 649.79, 644.97, 641.99, 670.4, 678.97, 693.16, 665.83, 675.93, 670.73, 668.43, 0
649.79, 644.97, 641.99, 670.4, 678.97, 693.16, 665.83, 675.93, 670.73, 668.43, 639.53, 1
644.97, 641.99, 670.4, 678.97, 693.16, 665.83, 675.93, 670.73, 668.43, 639.53, 656.05, 0
641.99, 670.4, 678.97, 693.16, 665.83, 675.93, 670.73, 668.43, 639.53, 656.05, 648.43, 1
670.4, 678.97, 693.16, 665.83, 675.93, 670.73, 668.43, 639.53, 656.05, 648.43, 648.54, 1
678.97, 693.16, 665.83, 675.93, 670.73, 668.43, 639.53, 656.05, 648.43, 648.54, 650.82, 1
693.16, 665.83, 675.93, 670.73, 668.43, 639.53, 656.05, 648.43, 648.54, 650.82, 663.68, 0
665.83, 675.93, 670.73, 668.43, 639.53, 656.05, 648.43, 648.54, 650.82, 663.68, 657.95, 1
675.93, 670.73, 668.43, 639.53, 656.05, 648.43, 648.54, 650.82, 663.68, 657.95, 660.7, 1
670.73, 668.43, 639.53, 656.05, 648.43, 648.54, 650.82, 663.68, 657.95, 660.7, 664.16, 1
668.43, 639.53, 656.05, 648.43, 648.54, 650.82, 663.68, 657.95, 660.7, 664.16, 665.75, 1
639.53, 656.05, 648.43, 648.54, 650.82, 663.68, 657.95, 660.7, 664.16, 665.75, 677.95, 0
