104.52, 108.11, 111.43, 113.84, 
108.11, 111.43, 113.84, 112.92, 
111.43, 113.84, 112.92, 111.21, 
113.84, 112.92, 111.21, 112.55, 
112.92, 111.21, 112.55, 113.13, 
111.21, 112.55, 113.13, 114.43, 
112.55, 113.13, 114.43, 122.06, 
113.13, 114.43, 122.06, 121.7, 
114.43, 122.06, 121.7, 120.57, 
122.06, 121.7, 120.57, 127.83, 
121.7, 120.57, 127.83, 134.31, 
120.57, 127.83, 134.31, 131.89, 
127.83, 134.31, 131.89, 132.11, 
134.31, 131.89, 132.11, 132.48, 
131.89, 132.11, 132.48, 126.74, 
132.11, 132.48, 126.74, 122.25, 
132.48, 126.74, 122.25, 120.79, 
126.74, 122.25, 120.79, 120.98, 
122.25, 120.79, 120.98, 121.07, 
120.79, 120.98, 121.07, 124.93, 
120.98, 121.07, 124.93, 126.57, 
121.07, 124.93, 126.57, 129, 
124.93, 126.57, 129, 130.6, 
126.57, 129, 130.6, 129.69, 
129, 130.6, 129.69, 127.37, 
130.6, 129.69, 127.37, 128.29, 
129.69, 127.37, 128.29, 127.87, 
127.37, 128.29, 127.87, 129.67, 
128.29, 127.87, 129.67, 129.39, 
127.87, 129.67, 129.39, 127.23, 
129.67, 129.39, 127.23, 126.31, 
129.39, 127.23, 126.31, 125.84, 
127.23, 126.31, 125.84, 126.13, 
126.31, 125.84, 126.13, 125.16, 
125.84, 126.13, 125.16, 125.92, 
126.13, 125.16, 125.92, 127.22, 
125.16, 125.92, 127.22, 127.68, 
125.92, 127.22, 127.68, 129.85, 
127.22, 127.68, 129.85, 132.96, 
127.68, 129.85, 132.96, 129.74, 
129.85, 132.96, 129.74, 129.84, 
132.96, 129.74, 129.84, 127.69, 
129.74, 129.84, 127.69, 111.32, 
129.84, 127.69, 111.32, 122.84, 
127.69, 111.32, 122.84, 126.11, 
111.32, 122.84, 126.11, 124.17, 
122.84, 126.11, 124.17, 125.45, 
126.11, 124.17, 125.45, 124.77, 
124.17, 125.45, 124.77, 127.2, 
125.45, 124.77, 127.2, 127.89, 
124.77, 127.2, 127.89, 129.28, 
127.2, 127.89, 129.28, 133.07, 
127.89, 129.28, 133.07, 132.18, 
129.28, 133.07, 132.18, 135.38, 
133.07, 132.18, 135.38, 138.33, 
132.18, 135.38, 138.33, 141.6, 
135.38, 138.33, 141.6, 146.54, 
138.33, 141.6, 146.54, 148.02, 
141.6, 146.54, 148.02, 158.35, 
146.54, 148.02, 158.35, 167.51, 
148.02, 158.35, 167.51, 171.37, 
158.35, 167.51, 171.37, 183.73, 
167.51, 171.37, 183.73, 195.52, 
171.37, 183.73, 195.52, 199.84, 
183.73, 195.52, 199.84, 185.46, 
195.52, 199.84, 185.46, 177.58, 
199.84, 185.46, 177.58, 186.44, 
185.46, 177.58, 186.44, 188.72, 
177.58, 186.44, 188.72, 195.37, 
186.44, 188.72, 195.37, 201.5, 
188.72, 195.37, 201.5, 198.65, 
195.37, 201.5, 198.65, 205.55, 
201.5, 198.65, 205.55, 203.25, 
198.65, 205.55, 203.25, 204.16, 
205.55, 203.25, 204.16, 212.03, 
203.25, 204.16, 212.03, 227.65, 
204.16, 212.03, 227.65, 260.9, 
212.03, 227.65, 260.9, 267.87, 
227.65, 260.9, 267.87, 294.77, 
260.9, 267.87, 294.77, 333.74, 
267.87, 294.77, 333.74, 338.13, 
294.77, 333.74, 338.13, 335.45, 
333.74, 338.13, 335.45, 340.03, 
338.13, 335.45, 340.03, 358.66, 
335.45, 340.03, 358.66, 406.2, 
340.03, 358.66, 406.2, 413.8, 
358.66, 406.2, 413.8, 456.96, 
406.2, 413.8, 456.96, 444.98, 
413.8, 456.96, 444.98, 504.52, 
456.96, 444.98, 504.52, 653.75, 
444.98, 504.52, 653.75, 545.07, 
504.52, 653.75, 545.07, 644.17, 
653.75, 545.07, 644.17, 694.61, 
545.07, 644.17, 694.61, 772.31, 
644.17, 694.61, 772.31, 768.95, 
694.61, 772.31, 768.95, 773.23, 
772.31, 768.95, 773.23, 853.12, 
768.95, 773.23, 853.12, 901.68, 
773.23, 853.12, 901.68, 963.83, 
853.12, 901.68, 963.83, 1049.35, 
901.68, 963.83, 1049.35, 1102.54, 
963.83, 1049.35, 1102.54, 1094.99, 
1049.35, 1102.54, 1094.99, 951.58, 
1102.54, 1094.99, 951.58, 1031.68, 
1094.99, 951.58, 1031.68, 1080.61, 
951.58, 1031.68, 1080.61, 1091.44, 
1031.68, 1080.61, 1091.44, 992.26, 
1080.61, 1091.44, 992.26, 776.36, 
1091.44, 992.26, 776.36, 730.1, 
992.26, 776.36, 730.1, 817.61, 
776.36, 730.1, 817.61, 897.54, 
730.1, 817.61, 897.54, 946.85, 
817.61, 897.54, 946.85, 873.03, 
897.54, 946.85, 873.03, 894.43, 
946.85, 873.03, 894.43, 881.59, 
873.03, 894.43, 881.59, 859.13, 
894.43, 881.59, 859.13, 808.14, 
881.59, 859.13, 808.14, 706.87, 
859.13, 808.14, 706.87, 623.38, 
808.14, 706.87, 623.38, 562.33, 
706.87, 623.38, 562.33, 694.1, 
623.38, 562.33, 694.1, 626.2, 
562.33, 694.1, 626.2, 624.07, 
694.1, 626.2, 624.07, 629.45, 
626.2, 624.07, 629.45, 663.41, 
624.07, 629.45, 663.41, 669.09, 
629.45, 663.41, 669.09, 702.13, 
663.41, 669.09, 702.13, 760.84, 
669.09, 702.13, 760.84, 734.62, 
702.13, 760.84, 734.62, 725.49, 
760.84, 734.62, 725.49, 742.42, 
734.62, 725.49, 742.42, 757.71, 
725.49, 742.42, 757.71, 760.91, 
742.42, 757.71, 760.91, 771.3, 
757.71, 760.91, 771.3, 811.47, 
760.91, 771.3, 811.47, 819.23, 
771.3, 811.47, 819.23, 864.65, 
811.47, 819.23, 864.65, 957.35, 
819.23, 864.65, 957.35, 939.27, 
864.65, 957.35, 939.27, 842.64, 
957.35, 939.27, 842.64, 843.84, 
939.27, 842.64, 843.84, 842.98, 
842.64, 843.84, 842.98, 888.05, 
843.84, 842.98, 888.05, 897.51, 
842.98, 888.05, 897.51, 857.75, 
888.05, 897.51, 857.75, 845.5, 
897.51, 857.75, 845.5, 834.26, 
857.75, 845.5, 834.26, 866.23, 
845.5, 834.26, 866.23, 845.19, 
834.26, 866.23, 845.19, 817.63, 
866.23, 845.19, 817.63, 837.4, 
845.19, 817.63, 837.4, 855.48, 
817.63, 837.4, 855.48, 874.82, 
837.4, 855.48, 874.82, 870.64, 
855.48, 874.82, 870.64, 853.58, 
874.82, 870.64, 853.58, 833.93, 
870.64, 853.58, 833.93, 805.12, 
853.58, 833.93, 805.12, 854.89, 
833.93, 805.12, 854.89, 887.98, 
805.12, 854.89, 887.98, 787.18, 
854.89, 887.98, 787.18, 825.6, 
887.98, 787.18, 825.6, 821.93, 
787.18, 825.6, 821.93, 822.31, 
825.6, 821.93, 822.31, 827.55, 
821.93, 822.31, 827.55, 846.43, 
822.31, 827.55, 846.43, 831.2, 
827.55, 846.43, 831.2, 809.57, 
846.43, 831.2, 809.57, 841.51, 
831.2, 809.57, 841.51, 815.39, 
809.57, 841.51, 815.39, 785.62, 
841.51, 815.39, 785.62, 715.76, 
815.39, 785.62, 715.76, 680.58, 
785.62, 715.76, 680.58, 687.89, 
715.76, 680.58, 687.89, 673.81, 
680.58, 687.89, 673.81, 662.36, 
687.89, 673.81, 662.36, 653.72, 
673.81, 662.36, 653.72, 614.82, 
662.36, 653.72, 614.82, 659.26, 
653.72, 614.82, 659.26, 648.36, 
614.82, 659.26, 648.36, 608.54, 
659.26, 648.36, 608.54, 624.95, 
648.36, 608.54, 624.95, 614.93, 
608.54, 624.95, 614.93, 622.34, 
624.95, 614.93, 622.34, 562.62, 
614.93, 622.34, 562.62, 568.16, 
622.34, 562.62, 568.16, 600.64, 
562.62, 568.16, 600.64, 594.46, 
568.16, 600.64, 594.46, 547.14, 
600.64, 594.46, 547.14, 529.19, 
594.46, 547.14, 529.19, 581, 
547.14, 529.19, 581, 579.03, 
529.19, 581, 579.03, 567.93, 
581, 579.03, 567.93, 565.62, 
579.03, 567.93, 565.62, 557.3, 
567.93, 565.62, 557.3, 662.28, 
565.62, 557.3, 662.28, 665, 
557.3, 662.28, 665, 655.51, 
662.28, 665, 655.51, 658.71, 
665, 655.51, 658.71, 627.36, 
655.51, 658.71, 627.36, 616.06, 
658.71, 627.36, 616.06, 637.04, 
627.36, 616.06, 637.04, 626.45, 
616.06, 637.04, 626.45, 629.08, 
637.04, 626.45, 629.08, 633.59, 
626.45, 629.08, 633.59, 639.1, 
629.08, 633.59, 639.1, 627.99, 
633.59, 639.1, 627.99, 629.35, 
639.1, 627.99, 629.35, 630.53, 
627.99, 629.35, 630.53, 622.9, 
629.35, 630.53, 622.9, 613.84, 
630.53, 622.9, 613.84, 610.04, 
622.9, 613.84, 610.04, 583.67, 
613.84, 610.04, 583.67, 578.36, 
610.04, 583.67, 578.36, 562.2, 
583.67, 578.36, 562.2, 564.25, 
578.36, 562.2, 564.25, 574.88, 
562.2, 564.25, 574.88, 563.9, 
564.25, 574.88, 563.9, 581.1, 
574.88, 563.9, 581.1, 512.9, 
563.9, 581.1, 512.9, 501.32, 
581.1, 512.9, 501.32, 497.05, 
512.9, 501.32, 497.05, 462.2, 
501.32, 497.05, 462.2, 457.6, 
497.05, 462.2, 457.6, 478.67, 
462.2, 457.6, 478.67, 449.1, 
457.6, 478.67, 449.1, 442.61, 
478.67, 449.1, 442.61, 447.95, 
449.1, 442.61, 447.95, 457.53, 
442.61, 447.95, 457.53, 460.37, 
447.95, 457.53, 460.37, 449.64, 
457.53, 460.37, 449.64, 450.79, 
460.37, 449.64, 450.79, 437.47, 
449.64, 450.79, 437.47, 386.66, 
450.79, 437.47, 386.66, 414.53, 
437.47, 386.66, 414.53, 422.03, 
386.66, 414.53, 422.03, 413.6, 
414.53, 422.03, 413.6, 465.45, 
422.03, 413.6, 465.45, 500.99, 
413.6, 465.45, 500.99, 518.77, 
465.45, 500.99, 518.77, 498.45, 
500.99, 518.77, 498.45, 481.16, 
518.77, 498.45, 481.16, 496.48, 
498.45, 481.16, 496.48, 498.76, 
481.16, 496.48, 498.76, 494.62, 
496.48, 498.76, 494.62, 489.03, 
498.76, 494.62, 489.03, 486.85, 
494.62, 489.03, 486.85, 481.38, 
489.03, 486.85, 481.38, 461.23, 
486.85, 481.38, 461.23, 457.93, 
481.38, 461.23, 457.93, 440.41, 
461.23, 457.93, 440.41, 439.29, 
457.93, 440.41, 439.29, 443.31, 
440.41, 439.29, 443.31, 446.22, 
439.29, 443.31, 446.22, 455.13, 
443.31, 446.22, 455.13, 448.08, 
446.22, 455.13, 448.08, 436.12, 
455.13, 448.08, 436.12, 434.63, 
448.08, 436.12, 434.63, 430.67, 
436.12, 434.63, 430.67, 427.55, 
434.63, 430.67, 427.55, 438.17, 
430.67, 427.55, 438.17, 438.25, 
427.55, 438.17, 438.25, 446.24, 
438.17, 438.25, 446.24, 451.43, 
438.25, 446.24, 451.43, 439.36, 
446.24, 451.43, 439.36, 438.87, 
451.43, 439.36, 438.87, 437.84, 
439.36, 438.87, 437.84, 443.26, 
438.87, 437.84, 443.26, 444.92, 
437.84, 443.26, 444.92, 446.33, 
443.26, 444.92, 446.33, 446.42, 
444.92, 446.33, 446.42, 444.9, 
446.33, 446.42, 444.9, 460.48, 
446.42, 444.9, 460.48, 478.49, 
444.9, 460.48, 478.49, 490.43, 
460.48, 478.49, 490.43, 517.66, 
478.49, 490.43, 517.66, 524.19, 
490.43, 517.66, 524.19, 535.36, 
517.66, 524.19, 535.36, 566.38, 
524.19, 535.36, 566.38, 581.56, 
535.36, 566.38, 581.56, 573.32, 
566.38, 581.56, 573.32, 571.84, 
581.56, 573.32, 571.84, 583.53, 
573.32, 571.84, 583.53, 607.55, 
571.84, 583.53, 607.55, 619.78, 
583.53, 607.55, 619.78, 637.66, 
607.55, 619.78, 637.66, 644.3, 
619.78, 637.66, 644.3, 660.72, 
637.66, 644.3, 660.72, 639.39, 
644.3, 660.72, 639.39, 654.25, 
660.72, 639.39, 654.25, 650.66, 
639.39, 654.25, 650.66, 652.67, 
654.25, 650.66, 652.67, 647.99, 
650.66, 652.67, 647.99, 649.14, 
652.67, 647.99, 649.14, 651.43, 
647.99, 649.14, 651.43, 637.21, 
649.14, 651.43, 637.21, 605.43, 
651.43, 637.21, 605.43, 593.12, 
637.21, 605.43, 593.12, 570.85, 
605.43, 593.12, 570.85, 576.37, 
593.12, 570.85, 576.37, 594.26, 
570.85, 576.37, 594.26, 602.02, 
576.37, 594.26, 602.02, 603.48, 
594.26, 602.02, 603.48, 599.77, 
602.02, 603.48, 599.77, 591.11, 
603.48, 599.77, 591.11, 591.8, 
599.77, 591.11, 591.8, 599.1, 
591.11, 591.8, 599.1, 587.56, 
591.8, 599.1, 587.56, 584.29, 
599.1, 587.56, 584.29, 566.76, 
587.56, 584.29, 566.76, 579.23, 
584.29, 566.76, 579.23, 596.02, 
566.76, 579.23, 596.02, 606.34, 
579.23, 596.02, 606.34, 596.2, 
596.02, 606.34, 596.2, 631.09, 
606.34, 596.2, 631.09, 646.47, 
596.2, 631.09, 646.47, 649.16, 
631.09, 646.47, 649.16, 638.62, 
646.47, 649.16, 638.62, 632.62, 
649.16, 638.62, 632.62, 629.67, 
638.62, 632.62, 629.67, 633.77, 
632.62, 629.67, 633.77, 623.46, 
629.67, 633.77, 623.46, 622.52, 
633.77, 623.46, 622.52, 623.51, 
623.46, 622.52, 623.51, 617.73, 
622.52, 623.51, 617.73, 628.09, 
623.51, 617.73, 628.09, 632.6, 
617.73, 628.09, 632.6, 625.94, 
628.09, 632.6, 625.94, 620.97, 
632.6, 625.94, 620.97, 621.6, 
625.94, 620.97, 621.6, 617.79, 
620.97, 621.6, 617.79, 621.45, 
621.6, 617.79, 621.45, 624.57, 
617.79, 621.45, 624.57, 627.44, 
621.45, 624.57, 627.44, 623.25, 
624.57, 627.44, 623.25, 620.22, 
627.44, 623.25, 620.22, 620.65, 
623.25, 620.22, 620.65, 612.94, 
620.22, 620.65, 612.94, 602.84, 
620.65, 612.94, 602.84, 600.16, 
612.94, 602.84, 600.16, 595.1, 
602.84, 600.16, 595.1, 592.2, 
600.16, 595.1, 592.2, 583.73, 
595.1, 592.2, 583.73, 582.82, 
592.2, 583.73, 582.82, 571, 
583.73, 582.82, 571, 578.48, 
582.82, 571, 578.48, 594.19, 
571, 578.48, 594.19, 587.64, 
578.48, 594.19, 587.64, 585.39, 
594.19, 587.64, 585.39, 587.23, 
587.64, 585.39, 587.23, 584.01, 
585.39, 587.23, 584.01, 583.18, 
587.23, 584.01, 583.18, 586.43, 
584.01, 583.18, 586.43, 590.94, 
583.18, 586.43, 590.94, 588.25, 
586.43, 590.94, 588.25, 589.48, 
590.94, 588.25, 589.48, 578.94, 
588.25, 589.48, 578.94, 555.19, 
589.48, 578.94, 555.19, 548.18, 
578.94, 555.19, 548.18, 515.44, 
555.19, 548.18, 515.44, 499.4, 
548.18, 515.44, 499.4, 510.15, 
515.44, 499.4, 510.15, 496.57, 
499.4, 510.15, 496.57, 465.59, 
510.15, 496.57, 465.59, 481.54, 
496.57, 465.59, 481.54, 504.05, 
465.59, 481.54, 504.05, 519.8, 
481.54, 504.05, 519.8, 512.16, 
504.05, 519.8, 512.16, 500.74, 
519.8, 512.16, 500.74, 507.97, 
512.16, 500.74, 507.97, 503.12, 
500.74, 507.97, 503.12, 510.97, 
507.97, 503.12, 510.97, 508.96, 
503.12, 510.97, 508.96, 509.12, 
510.97, 508.96, 509.12, 508.91, 
508.96, 509.12, 508.91, 502.63, 
509.12, 508.91, 502.63, 482.43, 
508.91, 502.63, 482.43, 478.48, 
502.63, 482.43, 478.48, 477.75, 
482.43, 478.48, 477.75, 476.97, 
478.48, 477.75, 476.97, 487.62, 
477.75, 476.97, 487.62, 483.33, 
476.97, 487.62, 483.33, 482.07, 
487.62, 483.33, 482.07, 482.93, 
483.33, 482.07, 482.93, 472.59, 
482.07, 482.93, 472.59, 470.93, 
482.93, 472.59, 470.93, 480.79, 
472.59, 470.93, 480.79, 475.53, 
470.93, 480.79, 475.53, 474.44, 
480.79, 475.53, 474.44, 478.16, 
475.53, 474.44, 478.16, 477.25, 
474.44, 478.16, 477.25, 473.9, 
478.16, 477.25, 473.9, 455.35, 
477.25, 473.9, 455.35, 454.89, 
473.9, 455.35, 454.89, 426.72, 
455.35, 454.89, 426.72, 398.59, 
454.89, 426.72, 398.59, 408.04, 
426.72, 398.59, 408.04, 402.66, 
398.59, 408.04, 402.66, 399.96, 
408.04, 402.66, 399.96, 425.2, 
402.66, 399.96, 425.2, 425.22, 
399.96, 425.2, 425.22, 410.39, 
425.2, 425.22, 410.39, 399.63, 
425.22, 410.39, 399.63, 400.86, 
410.39, 399.63, 400.86, 384.12, 
399.63, 400.86, 384.12, 376.68, 
400.86, 384.12, 376.68, 384.7, 
384.12, 376.68, 384.7, 373.14, 
376.68, 384.7, 373.14, 375.96, 
384.7, 373.14, 375.96, 362.11, 
373.14, 375.96, 362.11, 334.94, 
375.96, 362.11, 334.94, 315.09, 
362.11, 334.94, 315.09, 333.68, 
334.94, 315.09, 333.68, 331, 
315.09, 333.68, 331, 345.6, 
333.68, 331, 345.6, 366.31, 
331, 345.6, 366.31, 359.67, 
345.6, 366.31, 359.67, 366.33, 
366.31, 359.67, 366.33, 369.74, 
359.67, 366.33, 369.74, 383.29, 
366.33, 369.74, 383.29, 402.46, 
369.74, 383.29, 402.46, 392.54, 
383.29, 402.46, 392.54, 381.82, 
402.46, 392.54, 381.82, 380.69, 
392.54, 381.82, 380.69, 387.64, 
381.82, 380.69, 387.64, 388.46, 
380.69, 387.64, 388.46, 381.29, 
387.64, 388.46, 381.29, 378.31, 
388.46, 381.29, 378.31, 381.92, 
381.29, 378.31, 381.92, 362.39, 
378.31, 381.92, 362.39, 356.69, 
381.92, 362.39, 356.69, 348.43, 
362.39, 356.69, 348.43, 350.32, 
356.69, 348.43, 350.32, 352.32, 
348.43, 350.32, 352.32, 353.86, 
350.32, 352.32, 353.86, 340.2, 
352.32, 353.86, 340.2, 342.12, 
353.86, 340.2, 342.12, 336.23, 
340.2, 342.12, 336.23, 326.35, 
342.12, 336.23, 326.35, 324.45, 
336.23, 326.35, 324.45, 326.45, 
326.35, 324.45, 326.45, 327.98, 
324.45, 326.45, 327.98, 341.03, 
326.45, 327.98, 341.03, 346.86, 
327.98, 341.03, 346.86, 342.99, 
341.03, 346.86, 342.99, 344.23, 
346.86, 342.99, 344.23, 357.54, 
342.99, 344.23, 357.54, 374.76, 
344.23, 357.54, 374.76, 366.74, 
357.54, 374.76, 366.74, 413.77, 
374.76, 366.74, 413.77, 418.8, 
366.74, 413.77, 418.8, 396.8, 
413.77, 418.8, 396.8, 379.74, 
418.8, 396.8, 379.74, 386.74, 
396.8, 379.74, 386.74, 388.9, 
379.74, 386.74, 388.9, 376.57, 
386.74, 388.9, 376.57, 376.93, 
388.9, 376.57, 376.93, 361.7, 
376.57, 376.93, 361.7, 351.01, 
376.93, 361.7, 351.01, 355.25, 
361.7, 351.01, 355.25, 363.06, 
351.01, 355.25, 363.06, 378.3, 
355.25, 363.06, 378.3, 377.93, 
363.06, 378.3, 377.93, 369.61, 
378.3, 377.93, 369.61, 369.79, 
377.93, 369.61, 369.79, 375.03, 
369.61, 369.79, 375.03, 376.28, 
369.79, 375.03, 376.28, 377.59, 
375.03, 376.28, 377.59, 379.24, 
376.28, 377.59, 379.24, 381.39, 
377.59, 379.24, 381.39, 377.54, 
379.24, 381.39, 377.54, 372.21, 
381.39, 377.54, 372.21, 372.56, 
377.54, 372.21, 372.56, 375.12, 
372.21, 372.56, 375.12, 375.34, 
372.56, 375.12, 375.34, 365.7, 
375.12, 375.34, 365.7, 352.35, 
375.34, 365.7, 352.35, 348.02, 
365.7, 352.35, 348.02, 349.98, 
352.35, 348.02, 349.98, 352.15, 
348.02, 349.98, 352.15, 347.43, 
349.98, 352.15, 347.43, 351.11, 
352.15, 347.43, 351.11, 340.24, 
347.43, 351.11, 340.24, 330.69, 
351.11, 340.24, 330.69, 320.79, 
340.24, 330.69, 320.79, 312.43, 
330.69, 320.79, 312.43, 314.99, 
320.79, 312.43, 314.99, 326.96, 
312.43, 314.99, 326.96, 322.57, 
314.99, 326.96, 322.57, 330.07, 
326.96, 322.57, 330.07, 334.74, 
322.57, 330.07, 334.74, 325.19, 
330.07, 334.74, 325.19, 318.48, 
334.74, 325.19, 318.48, 326.1, 
325.19, 318.48, 326.1, 316.53, 
318.48, 326.1, 316.53, 316.67, 
326.1, 316.53, 316.67, 314.42, 
316.53, 316.67, 314.42, 309.81, 
316.67, 314.42, 309.81, 316.9, 
314.42, 309.81, 316.9, 315.23, 
309.81, 316.9, 315.23, 315.03, 
316.9, 315.23, 315.03, 293.11, 
315.23, 315.03, 293.11, 271.68, 
315.03, 293.11, 271.68, 271.39, 
293.11, 271.68, 271.39, 282.85, 
271.68, 271.39, 282.85, 293.46, 
271.39, 282.85, 293.46, 287.17, 
282.85, 293.46, 287.17, 278.13, 
293.46, 287.17, 278.13, 277.14, 
287.17, 278.13, 277.14, 268.93, 
278.13, 277.14, 268.93, 268.91, 
277.14, 268.93, 268.91, 234.63, 
268.93, 268.91, 234.63, 192.13, 
268.91, 234.63, 192.13, 208.79, 
234.63, 192.13, 208.79, 208.81, 
192.13, 208.79, 208.81, 200.21, 
208.79, 208.81, 200.21, 209.06, 
208.81, 200.21, 209.06, 215.72, 
200.21, 209.06, 215.72, 211.52, 
209.06, 215.72, 211.52, 220, 
215.72, 211.52, 220, 232.36, 
211.52, 220, 232.36, 232.38, 
220, 232.36, 232.38, 246.29, 
232.36, 232.38, 246.29, 250.55, 
232.38, 246.29, 250.55, 273.97, 
246.29, 250.55, 273.97, 261.86, 
250.55, 273.97, 261.86, 240.7, 
273.97, 261.86, 240.7, 232.02, 
261.86, 240.7, 232.02, 228.99, 
240.7, 232.02, 228.99, 223.65, 
232.02, 228.99, 223.65, 223.54, 
228.99, 223.65, 223.54, 230.6, 
223.65, 223.54, 230.6, 229.09, 
223.54, 230.6, 229.09, 226.62, 
230.6, 229.09, 226.62, 218.86, 
229.09, 226.62, 218.86, 222.08, 
226.62, 218.86, 222.08, 227.2, 
218.86, 222.08, 227.2, 223.57, 
222.08, 227.2, 223.57, 220.59, 
227.2, 223.57, 220.59, 219.78, 
223.57, 220.59, 219.78, 220.27, 
220.59, 219.78, 220.27, 221.35, 
219.78, 220.27, 221.35, 236.64, 
220.27, 221.35, 236.64, 251.7, 
221.35, 236.64, 251.7, 239.64, 
236.64, 251.7, 239.64, 234.86, 
251.7, 239.64, 234.86, 241.45, 
239.64, 234.86, 241.45, 237.79, 
234.86, 241.45, 237.79, 239.72, 
241.45, 237.79, 239.72, 243, 
237.79, 239.72, 243, 244.41, 
239.72, 243, 244.41, 237.8, 
243, 244.41, 237.8, 239.13, 
244.41, 237.8, 239.13, 238.4, 
237.8, 239.13, 238.4, 237.49, 
239.13, 238.4, 237.49, 236.25, 
238.4, 237.49, 236.25, 252.63, 
237.49, 236.25, 252.63, 257.25, 
236.25, 252.63, 257.25, 253.49, 
252.63, 257.25, 253.49, 267.96, 
257.25, 253.49, 267.96, 279.85, 
253.49, 267.96, 279.85, 275.94, 
267.96, 279.85, 275.94, 273.65, 
279.85, 275.94, 273.65, 273.22, 
275.94, 273.65, 273.22, 275.99, 
273.65, 273.22, 275.99, 275.01, 
273.22, 275.99, 275.01, 286.53, 
275.99, 275.01, 286.53, 292.42, 
275.01, 286.53, 292.42, 295.09, 
286.53, 292.42, 295.09, 294.94, 
292.42, 295.09, 294.94, 287.83, 
295.09, 294.94, 287.83, 282.82, 
294.94, 287.83, 282.82, 282.14, 
287.83, 282.82, 282.14, 290.83, 
282.82, 282.14, 290.83, 287.38, 
282.14, 290.83, 287.38, 265.06, 
290.83, 287.38, 265.06, 258.2, 
287.38, 265.06, 258.2, 260.33, 
265.06, 258.2, 260.33, 259.99, 
258.2, 260.33, 259.99, 265.45, 
260.33, 259.99, 265.45, 265.95, 
259.99, 265.45, 265.95, 250.16, 
265.45, 265.95, 250.16, 246.17, 
265.95, 250.16, 246.17, 249.6, 
250.16, 246.17, 249.6, 247.5, 
246.17, 249.6, 247.5, 252.13, 
249.6, 247.5, 252.13, 243.86, 
247.5, 252.13, 243.86, 247.6, 
252.13, 243.86, 247.6, 244.67, 
243.86, 247.6, 244.67, 245.31, 
247.6, 244.67, 245.31, 251.39, 
244.67, 245.31, 251.39, 253.7, 
245.31, 251.39, 253.7, 253.04, 
251.39, 253.7, 253.04, 257.89, 
253.7, 253.04, 257.89, 255.91, 
253.04, 257.89, 255.91, 254.27, 
257.89, 255.91, 254.27, 246.78, 
255.91, 254.27, 246.78, 240.83, 
254.27, 246.78, 240.83, 236.57, 
246.78, 240.83, 236.57, 236.38, 
240.83, 236.57, 236.38, 236.41, 
236.57, 236.38, 236.41, 227.79, 
236.38, 236.41, 227.79, 220.4, 
236.41, 227.79, 220.4, 222.02, 
227.79, 220.4, 222.02, 228.26, 
220.4, 222.02, 228.26, 223.66, 
222.02, 228.26, 223.66, 223.03, 
228.26, 223.66, 223.03, 225.62, 
223.66, 223.03, 225.62, 224.39, 
223.03, 225.62, 224.39, 229.94, 
225.62, 224.39, 229.94, 235.37, 
224.39, 229.94, 235.37, 235.27, 
229.94, 235.37, 235.27, 229.53, 
235.37, 235.27, 229.53, 227.86, 
235.27, 229.53, 227.86, 218.85, 
229.53, 227.86, 218.85, 224.7, 
227.86, 218.85, 224.7, 225.68, 
218.85, 224.7, 225.68, 228.85, 
224.7, 225.68, 228.85, 235.08, 
225.68, 228.85, 235.08, 234.19, 
228.85, 235.08, 234.19, 235.37, 
235.08, 234.19, 235.37, 240.72, 
234.19, 235.37, 240.72, 238.75, 
235.37, 240.72, 238.75, 236.09, 
240.72, 238.75, 236.09, 233.32, 
238.75, 236.09, 233.32, 235.98, 
236.09, 233.32, 235.98, 242.98, 
233.32, 235.98, 242.98, 241.63, 
235.98, 242.98, 241.63, 240.85, 
242.98, 241.63, 240.85, 242.35, 
241.63, 240.85, 242.35, 241.84, 
240.85, 242.35, 241.84, 240.56, 
242.35, 241.84, 240.56, 238.53, 
241.84, 240.56, 238.53, 237.88, 
240.56, 238.53, 237.88, 236.94, 
238.53, 237.88, 236.94, 237.05, 
237.88, 236.94, 237.05, 235.09, 
236.94, 237.05, 235.09, 234.29, 
237.05, 235.09, 234.29, 234.42, 
235.09, 234.29, 234.42, 235.84, 
234.29, 234.42, 235.84, 239.64, 
234.42, 235.84, 239.64, 239.79, 
235.84, 239.64, 239.79, 240.56, 
239.64, 239.79, 240.56, 237.99, 
239.79, 240.56, 237.99, 237.61, 
240.56, 237.99, 237.61, 237.62, 
237.99, 237.61, 237.62, 237.88, 
237.61, 237.62, 237.88, 235.22, 
237.62, 237.88, 235.22, 233.87, 
237.88, 235.22, 233.87, 231.75, 
235.22, 233.87, 231.75, 224.65, 
233.87, 231.75, 224.65, 225.62, 
231.75, 224.65, 225.62, 226.09, 
224.65, 225.62, 226.09, 225.45, 
225.62, 226.09, 225.45, 225.47, 
226.09, 225.45, 225.47, 226.07, 
225.45, 225.47, 226.07, 224.38, 
225.47, 226.07, 224.38, 228.58, 
226.07, 224.38, 228.58, 230.18, 
224.38, 228.58, 230.18, 229.69, 
228.58, 230.18, 229.69, 230.41, 
230.18, 229.69, 230.41, 231.01, 
229.69, 230.41, 231.01, 234.94, 
230.41, 231.01, 234.94, 234.14, 
231.01, 234.94, 234.14, 236.98, 
234.94, 234.14, 236.98, 246.68, 
234.14, 236.98, 246.68, 250.58, 
236.98, 246.68, 250.58, 248.16, 
246.68, 250.58, 248.16, 246.24, 
250.58, 248.16, 246.24, 244.8, 
248.16, 246.24, 244.8, 244.19, 
246.24, 244.8, 244.19, 246.66, 
244.8, 244.19, 246.66, 244.9, 
244.19, 246.66, 244.9, 242.2, 
246.66, 244.9, 242.2, 243.07, 
244.9, 242.2, 243.07, 242.98, 
242.2, 243.07, 242.98, 249, 
243.07, 242.98, 249, 251.31, 
242.98, 249, 251.31, 254.95, 
249, 251.31, 254.95, 262.37, 
251.31, 254.95, 262.37, 259, 
254.95, 262.37, 259, 256.05, 
262.37, 259, 256.05, 258.58, 
259, 256.05, 258.58, 259.03, 
256.05, 258.58, 259.03, 268.72, 
258.58, 259.03, 268.72, 271.16, 
259.03, 268.72, 271.16, 266.53, 
268.72, 271.16, 266.53, 274.68, 
271.16, 266.53, 274.68, 269.38, 
266.53, 274.68, 269.38, 285.13, 
274.68, 269.38, 285.13, 292.12, 
269.38, 285.13, 292.12, 307.26, 
285.13, 292.12, 307.26, 289.22, 
292.12, 307.26, 289.22, 289.16, 
307.26, 289.22, 289.16, 288.1, 
289.22, 289.16, 288.1, 279.14, 
289.16, 288.1, 279.14, 278.05, 
288.1, 279.14, 278.05, 275.93, 
279.14, 278.05, 275.93, 273.69, 
278.05, 275.93, 273.69, 277.54, 
275.93, 273.69, 277.54, 277.66, 
273.69, 277.54, 277.66, 276.76, 
277.54, 277.66, 276.76, 280.17, 
277.66, 276.76, 280.17, 286.01, 
276.76, 280.17, 286.01, 288.34, 
280.17, 286.01, 288.34, 291.47, 
286.01, 288.34, 291.47, 292.7, 
288.34, 291.47, 292.7, 291.9, 
291.47, 292.7, 291.9, 290.83, 
292.7, 291.9, 290.83, 287.88, 
291.9, 290.83, 287.88, 285.02, 
290.83, 287.88, 285.02, 281.18, 
287.88, 285.02, 281.18, 281.43, 
285.02, 281.18, 281.43, 282.55, 
281.18, 281.43, 282.55, 284.78, 
281.43, 282.55, 284.78, 282.66, 
282.55, 284.78, 282.66, 279.43, 
284.78, 282.66, 279.43, 275.92, 
282.66, 279.43, 275.92, 267.89, 
279.43, 275.92, 267.89, 264.02, 
275.92, 267.89, 264.02, 264.33, 
267.89, 264.02, 264.33, 268.01, 
264.02, 264.33, 268.01, 266.05, 
264.33, 268.01, 266.05, 264.91, 
268.01, 266.05, 264.91, 265.8, 
266.05, 264.91, 265.8, 263.84, 
264.91, 265.8, 263.84, 258.76, 
265.8, 263.84, 258.76, 252.11, 
263.84, 258.76, 252.11, 241.71, 
258.76, 252.11, 241.71, 230.14, 
252.11, 241.71, 230.14, 234.01, 
241.71, 230.14, 234.01, 233.09, 
230.14, 234.01, 233.09, 227.41, 
234.01, 233.09, 227.41, 228.45, 
233.09, 227.41, 228.45, 215.25, 
227.41, 228.45, 215.25, 219.01, 
228.45, 215.25, 219.01, 226.32, 
215.25, 219.01, 226.32, 226.6, 
219.01, 226.32, 226.6, 230.39, 
226.32, 226.6, 230.39, 230.08, 
226.6, 230.39, 230.08, 228.79, 
230.39, 230.08, 228.79, 230.45, 
230.08, 228.79, 230.45, 229.36, 
228.79, 230.45, 229.36, 229.03, 
230.45, 229.36, 229.03, 228.22, 
229.36, 229.03, 228.22, 230.52, 
229.03, 228.22, 230.52, 234.14, 
228.22, 230.52, 234.14, 240.17, 
230.52, 234.14, 240.17, 240.43, 
234.14, 240.17, 240.43, 243.59, 
240.17, 240.43, 243.59, 240.26, 
240.43, 243.59, 240.26, 239.02, 
243.59, 240.26, 239.02, 238.35, 
240.26, 239.02, 238.35, 236.7, 
239.02, 238.35, 236.7, 231.66, 
238.35, 236.7, 231.66, 230.23, 
236.7, 231.66, 230.23, 230.4, 
231.66, 230.23, 230.4, 229.78, 
230.23, 230.4, 229.78, 233.01, 
230.4, 229.78, 233.01, 233.06, 
229.78, 233.01, 233.06, 232.09, 
233.01, 233.06, 232.09, 231.68, 
233.06, 232.09, 231.68, 229.18, 
232.09, 231.68, 229.18, 230.49, 
231.68, 229.18, 230.49, 230.88, 
229.18, 230.49, 230.88, 234.34, 
230.49, 230.88, 234.34, 235.38, 
230.88, 234.34, 235.38, 235.73, 
234.34, 235.38, 235.73, 233.55, 
235.38, 235.73, 233.55, 238.39, 
235.73, 233.55, 238.39, 237.95, 
233.55, 238.39, 237.95, 237.2, 
238.39, 237.95, 237.2, 238.9, 
237.95, 237.2, 238.9, 237.91, 
237.2, 238.9, 237.91, 239.33, 
238.9, 237.91, 239.33, 239.55, 
237.91, 239.33, 239.55, 240.01, 
239.33, 239.55, 240.01, 245.88, 
239.55, 240.01, 245.88, 244.84, 
240.01, 245.88, 244.84, 243.91, 
245.88, 244.84, 243.91, 244.77, 
244.84, 243.91, 244.77, 245.82, 
243.91, 244.77, 245.82, 249.43, 
244.77, 245.82, 249.43, 246.25, 
245.82, 249.43, 246.25, 249.49, 
249.43, 246.25, 249.49, 253.14, 
246.25, 249.49, 253.14, 255.27, 
249.49, 253.14, 255.27, 264.73, 
253.14, 255.27, 264.73, 269.65, 
255.27, 264.73, 269.65, 264.74, 
264.73, 269.65, 264.74, 264.43, 
269.65, 264.74, 264.43, 270.15, 
264.74, 264.43, 270.15, 272.37, 
264.43, 270.15, 272.37, 273.89, 
270.15, 272.37, 273.89, 277.57, 
272.37, 273.89, 277.57, 281.75, 
273.89, 277.57, 281.75, 288.55, 
277.57, 281.75, 288.55, 293.23, 
281.75, 288.55, 293.23, 294.32, 
288.55, 293.23, 294.32, 302.13, 
293.23, 294.32, 302.13, 311.67, 
294.32, 302.13, 311.67, 326.27, 
302.13, 311.67, 326.27, 334.23, 
311.67, 326.27, 334.23, 320.98, 
326.27, 334.23, 320.98, 347.73, 
334.23, 320.98, 347.73, 392.01, 
320.98, 347.73, 392.01, 438.82, 
347.73, 392.01, 438.82, 393.37, 
392.01, 438.82, 393.37, 372.47, 
438.82, 393.37, 372.47, 384.45, 
393.37, 372.47, 384.45, 379.37, 
372.47, 384.45, 379.37, 378.42, 
384.45, 379.37, 378.42, 346.11, 
379.37, 378.42, 346.11, 314.08, 
378.42, 346.11, 314.08, 330.86, 
346.11, 314.08, 330.86, 334.88, 
314.08, 330.86, 334.88, 333.9, 
330.86, 334.88, 333.9, 325.14, 
334.88, 333.9, 325.14, 327.75, 
333.9, 325.14, 327.75, 335.44, 
325.14, 327.75, 335.44, 334.99, 
327.75, 335.44, 334.99, 329.2, 
335.44, 334.99, 329.2, 321.77, 
334.99, 329.2, 321.77, 326.15, 
329.2, 321.77, 326.15, 323.97, 
321.77, 326.15, 323.97, 323.24, 
326.15, 323.97, 323.24, 321.26, 
323.97, 323.24, 321.26, 335.8, 
323.24, 321.26, 335.8, 347.14, 
321.26, 335.8, 347.14, 357.35, 
335.8, 347.14, 357.35, 356.8, 
347.14, 357.35, 356.8, 366.64, 
357.35, 356.8, 366.64, 373.97, 
356.8, 366.64, 373.97, 364.56, 
366.64, 373.97, 364.56, 358.25, 
373.97, 364.56, 358.25, 362.24, 
364.56, 358.25, 362.24, 362.1, 
358.25, 362.24, 362.1, 388.16, 
362.24, 362.1, 388.16, 392.95, 
362.1, 388.16, 392.95, 394.58, 
388.16, 392.95, 394.58, 404.63, 
392.95, 394.58, 404.63, 416.85, 
394.58, 404.63, 416.85, 423.3, 
404.63, 416.85, 423.3, 444.94, 
416.85, 423.3, 444.94, 431.9, 
423.3, 444.94, 431.9, 436.16, 
444.94, 431.9, 436.16, 442.7, 
431.9, 436.16, 442.7, 461.23, 
436.16, 442.7, 461.23, 455.18, 
442.7, 461.23, 455.18, 454.77, 
461.23, 455.18, 454.77, 461.99, 
455.18, 454.77, 461.99, 461.95, 
454.77, 461.99, 461.95, 447.36, 
461.99, 461.95, 447.36, 437.06, 
461.95, 447.36, 437.06, 437.05, 
447.36, 437.06, 437.05, 442.7, 
437.06, 437.05, 442.7, 454.47, 
437.05, 442.7, 454.47, 446.76, 
442.7, 454.47, 446.76, 422.72, 
454.47, 446.76, 422.72, 420.68, 
446.76, 422.72, 420.68, 422.21, 
422.72, 420.68, 422.21, 429.29, 
420.68, 422.21, 429.29, 428.74, 
422.21, 429.29, 428.74, 428.85, 
429.29, 428.74, 428.85, 433.36, 
428.74, 428.85, 433.36, 433.36, 
428.85, 433.36, 433.36, 428.82, 
433.36, 433.36, 428.82, 435.9, 
433.36, 428.82, 435.9, 432.62, 
428.82, 435.9, 432.62, 430.49, 
435.9, 432.62, 430.49, 454.29, 
432.62, 430.49, 454.29, 453.71, 
430.49, 454.29, 453.71, 447.46, 
454.29, 453.71, 447.46, 447.29, 
453.71, 447.46, 447.29, 448.09, 
447.46, 447.29, 448.09, 442.4, 
447.29, 448.09, 442.4, 430.24, 
448.09, 442.4, 430.24, 416.78, 
442.4, 430.24, 416.78, 380.95, 
430.24, 416.78, 380.95, 381.85, 
416.78, 380.95, 381.85, 383.97, 
380.95, 381.85, 383.97, 384.97, 
381.85, 383.97, 384.97, 384.51, 
383.97, 384.97, 384.51, 409.94, 
384.97, 384.51, 409.94, 406.89, 
384.51, 409.94, 406.89, 386.5, 
409.94, 406.89, 386.5, 391.01, 
406.89, 386.5, 391.01, 400.44, 
386.5, 391.01, 400.44, 393.52, 
391.01, 400.44, 393.52, 393.96, 
400.44, 393.52, 393.96, 392.71, 
393.52, 393.96, 392.71, 381.27, 
393.96, 392.71, 381.27, 378.36, 
392.71, 381.27, 378.36, 378.5, 
381.27, 378.36, 378.5, 374.88, 
378.36, 378.5, 374.88, 373.13, 
378.5, 374.88, 373.13, 374.48, 
374.88, 373.13, 374.48, 373.58, 
373.13, 374.48, 373.58, 386.49, 
374.48, 373.58, 386.49, 384.98, 
373.58, 386.49, 384.98, 377.2, 
386.49, 384.98, 377.2, 376.51, 
384.98, 377.2, 376.51, 374.29, 
377.2, 376.51, 374.29, 375.99, 
376.51, 374.29, 375.99, 380.99, 
374.29, 375.99, 380.99, 379.23, 
375.99, 380.99, 379.23, 385.62, 
380.99, 379.23, 385.62, 394.46, 
379.23, 385.62, 394.46, 404.94, 
385.62, 394.46, 404.94, 403.65, 
394.46, 404.94, 403.65, 409.41, 
404.94, 403.65, 409.41, 418.71, 
403.65, 409.41, 418.71, 421.63, 
409.41, 418.71, 421.63, 423.68, 
418.71, 421.63, 423.68, 437.93, 
421.63, 423.68, 437.93, 439.65, 
423.68, 437.93, 439.65, 436.45, 
437.93, 439.65, 436.45, 423.36, 
439.65, 436.45, 423.36, 424.75, 
436.45, 423.36, 424.75, 424.8, 
423.36, 424.75, 424.8, 429.78, 
424.75, 424.8, 429.78, 432.82, 
424.8, 429.78, 432.82, 435.08, 
429.78, 432.82, 435.08, 437.51, 
432.82, 435.08, 437.51, 434.55, 
435.08, 437.51, 434.55, 427.17, 
437.51, 434.55, 427.17, 420.8, 
434.55, 427.17, 420.8, 412.45, 
427.17, 420.8, 412.45, 402.65, 
420.8, 412.45, 402.65, 407.74, 
412.45, 402.65, 407.74, 413.29, 
402.65, 407.74, 413.29, 413.25, 
407.74, 413.29, 413.25, 413.98, 
413.29, 413.25, 413.98, 417.69, 
413.25, 413.98, 417.69, 419.3, 
413.98, 417.69, 419.3, 413.29, 
417.69, 419.3, 413.29, 414.15, 
419.3, 413.29, 414.15, 415.69, 
413.29, 414.15, 415.69, 416.77, 
414.15, 415.69, 416.77, 417.92, 
415.69, 416.77, 417.92, 418.18, 
416.77, 417.92, 418.18, 409.92, 
417.92, 418.18, 409.92, 409.34, 
418.18, 409.92, 409.34, 411.86, 
409.92, 409.34, 411.86, 412.92, 
409.34, 411.86, 412.92, 417.59, 
411.86, 412.92, 417.59, 417.98, 
412.92, 417.59, 417.98, 416.66, 
417.59, 417.98, 416.66, 417.48, 
417.98, 416.66, 417.48, 418.81, 
416.66, 417.48, 418.81, 424.96, 
417.48, 418.81, 424.96, 422.26, 
418.81, 424.96, 422.26, 416.09, 
424.96, 422.26, 416.09, 414.15, 
422.26, 416.09, 414.15, 416.24, 
416.09, 414.15, 416.24, 417.55, 
414.15, 416.24, 417.55, 419.67, 
416.24, 417.55, 419.67, 419.65, 
417.55, 419.67, 419.65, 420.1, 
419.67, 419.65, 420.1, 422.4, 
419.65, 420.1, 422.4, 422.05, 
420.1, 422.4, 422.05, 421.8, 
422.4, 422.05, 421.8, 419.27, 
422.05, 421.8, 419.27, 418.68, 
421.8, 419.27, 418.68, 421.14, 
419.27, 418.68, 421.14, 423.21, 
418.68, 421.14, 423.21, 425.64, 
421.14, 423.21, 425.64, 424.27, 
423.21, 425.64, 424.27, 425.59, 
425.64, 424.27, 425.59, 430.05, 
424.27, 425.59, 430.05, 430.95, 
425.59, 430.05, 430.95, 428.62, 
430.05, 430.95, 428.62, 429.08, 
430.95, 428.62, 429.08, 435.11, 
428.62, 429.08, 435.11, 441.91, 
429.08, 435.11, 441.91, 448.44, 
435.11, 441.91, 448.44, 447.37, 
441.91, 448.44, 447.37, 451.34, 
448.44, 447.37, 451.34, 459.43, 
447.37, 451.34, 459.43, 462.29, 
451.34, 459.43, 462.29, 465.64, 
459.43, 462.29, 465.64, 449.52, 
462.29, 465.64, 449.52, 448.45, 
465.64, 449.52, 448.45, 454.02, 
449.52, 448.45, 454.02, 449.95, 
448.45, 454.02, 449.95, 450.76, 
454.02, 449.95, 450.76, 445.11, 
449.95, 450.76, 445.11, 449.21, 
450.76, 445.11, 449.21, 447.35, 
445.11, 449.21, 447.35, 449.21, 
449.21, 447.35, 449.21, 457.04, 
447.35, 449.21, 457.04, 459.48, 
449.21, 457.04, 459.48, 459.14, 
457.04, 459.48, 459.14, 460.46, 
459.48, 459.14, 460.46, 453.25, 
459.14, 460.46, 453.25, 452.83, 
460.46, 453.25, 452.83, 454.16, 
453.25, 452.83, 454.16, 456, 
452.83, 454.16, 456, 456.43, 
454.16, 456, 456.43, 458.46, 
456, 456.43, 458.46, 454.84, 
456.43, 458.46, 454.84, 454.47, 
458.46, 454.84, 454.47, 454.04, 
454.84, 454.47, 454.04, 442.93, 
454.47, 454.04, 442.93, 443, 
454.04, 442.93, 443, 443.52, 
442.93, 443, 443.52, 440.85, 
443, 443.52, 440.85, 444.24, 
443.52, 440.85, 444.24, 447.5, 
440.85, 444.24, 447.5, 450.46, 
444.24, 447.5, 450.46, 458.82, 
447.5, 450.46, 458.82, 480.71, 
450.46, 458.82, 480.71, 519.5, 
458.82, 480.71, 519.5, 533.44, 
480.71, 519.5, 533.44, 536.13, 
519.5, 533.44, 536.13, 532.91, 
533.44, 536.13, 532.91, 536.41, 
536.13, 532.91, 536.41, 541.83, 
532.91, 536.41, 541.83, 568.92, 
536.41, 541.83, 568.92, 574.1, 
541.83, 568.92, 574.1, 577.44, 
568.92, 574.1, 577.44, 584.11, 
574.1, 577.44, 584.11, 578.53, 
577.44, 584.11, 578.53, 580.91, 
584.11, 578.53, 580.91, 577.38, 
578.53, 580.91, 577.38, 580.7, 
580.91, 577.38, 580.7, 609.23, 
577.38, 580.7, 609.23, 666.1, 
580.7, 609.23, 666.1, 695.99, 
609.23, 666.1, 695.99, 685.76, 
666.1, 695.99, 685.76, 703.27, 
695.99, 685.76, 703.27, 756.96, 
685.76, 703.27, 756.96, 749.43, 
703.27, 756.96, 749.43, 758.16, 
756.96, 749.43, 758.16, 760.72, 
749.43, 758.16, 760.72, 726.2, 
758.16, 760.72, 726.2, 664.82, 
760.72, 726.2, 664.82, 615, 
726.2, 664.82, 615, 623.81, 
664.82, 615, 623.81, 663.66, 
615, 623.81, 663.66, 659.88, 
623.81, 663.66, 659.88, 633.42, 
663.66, 659.88, 633.42, 649.79, 
659.88, 633.42, 649.79, 644.97, 
633.42, 649.79, 644.97, 641.99, 
649.79, 644.97, 641.99, 670.4, 
644.97, 641.99, 670.4, 678.97, 
641.99, 670.4, 678.97, 693.16, 
670.4, 678.97, 693.16, 665.83, 
678.97, 693.16, 665.83, 675.93, 
693.16, 665.83, 675.93, 670.73, 
665.83, 675.93, 670.73, 668.43, 
675.93, 670.73, 668.43, 639.53, 
670.73, 668.43, 639.53, 656.05, 
668.43, 639.53, 656.05, 648.43, 
639.53, 656.05, 648.43, 648.54, 
656.05, 648.43, 648.54, 650.82, 
648.43, 648.54, 650.82, 663.68, 
648.54, 650.82, 663.68, 657.95, 
650.82, 663.68, 657.95, 660.7, 
663.68, 657.95, 660.7, 664.16, 
657.95, 660.7, 664.16, 665.75, 
660.7, 664.16, 665.75, 677.95, 
